"MonthAgent";"DayAgent";"Agent";"IdProcess";"Message";"IpAtaque";"HourAgent";"MinuteAgent";"DateAgent";"IpAlvo";"TimeAgent";"User";"State"
"May";"7 ";"agent-Standard-PC-Q35-ICH9-2009";"12069";" Invalid user user.txt ";"192.168.1.66";"08";"18";"May 7 ";"192.168.1.87";"08:18";"user.txt ";1
"May";"7 ";"agent-Standard-PC-Q35-ICH9-2009";"12071";" Invalid user user.txt ";"192.168.1.66";"08";"18";"May 7 ";"192.168.1.87";"08:18";"user.txt ";1
"May";"7 ";"agent-Standard-PC-Q35-ICH9-2009";"12075";" Invalid user user.txt ";"192.168.1.66";"08";"18";"May 7 ";"192.168.1.87";"08:18";"user.txt ";1
"May";"7 ";"agent-Standard-PC-Q35-ICH9-2009";"12079";" Invalid user user.txt ";"192.168.1.66";"08";"18";"May 7 ";"192.168.1.87";"08:18";"user.txt ";1
"May";"7 ";"agent-Standard-PC-Q35-ICH9-2009";"12072";" Invalid user user.txt ";"192.168.1.66";"08";"18";"May 7 ";"192.168.1.87";"08:18";"user.txt ";1
"May";"7 ";"agent-Standard-PC-Q35-ICH9-2009";"12076";" Invalid user user.txt ";"192.168.1.66";"08";"18";"May 7 ";"192.168.1.87";"08:18";"user.txt ";1
"May";"7 ";"agent-Standard-PC-Q35-ICH9-2009";"12081";" Invalid user user.txt ";"192.168.1.66";"08";"18";"May 7 ";"192.168.1.87";"08:18";"user.txt ";1
"May";"7 ";"agent-Standard-PC-Q35-ICH9-2009";"12085";" Invalid user user.txt ";"192.168.1.66";"08";"18";"May 7 ";"192.168.1.87";"08:18";"user.txt ";1
"May";"7 ";"agent-Standard-PC-Q35-ICH9-2009";"12078";" Invalid user user.txt ";"192.168.1.66";"08";"18";"May 7 ";"192.168.1.87";"08:18";"user.txt ";1
"May";"7 ";"agent-Standard-PC-Q35-ICH9-2009";"12080";" Invalid user user.txt ";"192.168.1.66";"08";"18";"May 7 ";"192.168.1.87";"08:18";"user.txt ";1
"May";"7 ";"agent-Standard-PC-Q35-ICH9-2009";"12073";" Invalid user user.txt ";"192.168.1.66";"08";"18";"May 7 ";"192.168.1.87";"08:18";"user.txt ";1
"May";"7 ";"agent-Standard-PC-Q35-ICH9-2009";"12071";" Failed password for invalid user user.txt ";"192.168.1.66";"08";"18";"May 7 ";"192.168.1.87";"08:18";"user.txt ";3
"May";"7 ";"agent-Standard-PC-Q35-ICH9-2009";"12072";" Failed password for invalid user user.txt ";"192.168.1.66";"08";"18";"May 7 ";"192.168.1.87";"08:18";"user.txt ";3
"May";"7 ";"agent-Standard-PC-Q35-ICH9-2009";"12079";" Failed password for invalid user user.txt ";"192.168.1.66";"08";"18";"May 7 ";"192.168.1.87";"08:18";"user.txt ";3
"May";"7 ";"agent-Standard-PC-Q35-ICH9-2009";"12076";" Failed password for invalid user user.txt ";"192.168.1.66";"08";"18";"May 7 ";"192.168.1.87";"08:18";"user.txt ";3
"May";"7 ";"agent-Standard-PC-Q35-ICH9-2009";"12075";" Failed password for invalid user user.txt ";"192.168.1.66";"08";"18";"May 7 ";"192.168.1.87";"08:18";"user.txt ";3
"May";"7 ";"agent-Standard-PC-Q35-ICH9-2009";"12078";" Failed password for invalid user user.txt ";"192.168.1.66";"08";"18";"May 7 ";"192.168.1.87";"08:18";"user.txt ";3
"May";"7 ";"agent-Standard-PC-Q35-ICH9-2009";"12081";" Failed password for invalid user user.txt ";"192.168.1.66";"08";"18";"May 7 ";"192.168.1.87";"08:18";"user.txt ";3
"May";"7 ";"agent-Standard-PC-Q35-ICH9-2009";"12085";" Failed password for invalid user user.txt ";"192.168.1.66";"08";"18";"May 7 ";"192.168.1.87";"08:18";"user.txt ";3
"May";"7 ";"agent-Standard-PC-Q35-ICH9-2009";"12073";" Failed password for invalid user user.txt ";"192.168.1.66";"08";"18";"May 7 ";"192.168.1.87";"08:18";"user.txt ";3
"May";"7 ";"agent-Standard-PC-Q35-ICH9-2009";"12080";" Failed password for invalid user user.txt ";"192.168.1.66";"08";"18";"May 7 ";"192.168.1.87";"08:18";"user.txt ";3
"May";"7 ";"agent-Standard-PC-Q35-ICH9-2009";"12091";" Invalid user user ";"192.168.1.66";"08";"20";"May 7 ";"192.168.1.87";"08:20";"user ";1
"May";"7 ";"agent-Standard-PC-Q35-ICH9-2009";"12098";" Invalid user user ";"192.168.1.66";"08";"20";"May 7 ";"192.168.1.87";"08:20";"user ";1
"May";"7 ";"agent-Standard-PC-Q35-ICH9-2009";"12109";" Invalid user ubuntu ";"192.168.1.66";"08";"20";"May 7 ";"192.168.1.87";"08:20";"ubuntu ";1
"May";"7 ";"agent-Standard-PC-Q35-ICH9-2009";"12095";" Invalid user user ";"192.168.1.66";"08";"20";"May 7 ";"192.168.1.87";"08:20";"user ";1
"May";"7 ";"agent-Standard-PC-Q35-ICH9-2009";"12101";" Invalid user user ";"192.168.1.66";"08";"20";"May 7 ";"192.168.1.87";"08:20";"user ";1
"May";"7 ";"agent-Standard-PC-Q35-ICH9-2009";"12097";" Invalid user user ";"192.168.1.66";"08";"20";"May 7 ";"192.168.1.87";"08:20";"user ";1
"May";"7 ";"agent-Standard-PC-Q35-ICH9-2009";"12102";" Invalid user user ";"192.168.1.66";"08";"20";"May 7 ";"192.168.1.87";"08:20";"user ";1
"May";"7 ";"agent-Standard-PC-Q35-ICH9-2009";"12093";" Invalid user user ";"192.168.1.66";"08";"20";"May 7 ";"192.168.1.87";"08:20";"user ";1
"May";"7 ";"agent-Standard-PC-Q35-ICH9-2009";"12094";" Invalid user user ";"192.168.1.66";"08";"20";"May 7 ";"192.168.1.87";"08:20";"user ";1
"May";"7 ";"agent-Standard-PC-Q35-ICH9-2009";"12103";" Invalid user user ";"192.168.1.66";"08";"20";"May 7 ";"192.168.1.87";"08:20";"user ";1
"May";"7 ";"agent-Standard-PC-Q35-ICH9-2009";"12105";" Invalid user ubuntu ";"192.168.1.66";"08";"20";"May 7 ";"192.168.1.87";"08:20";"ubuntu ";1
"May";"7 ";"agent-Standard-PC-Q35-ICH9-2009";"12104";" Invalid user user ";"192.168.1.66";"08";"20";"May 7 ";"192.168.1.87";"08:20";"user ";1
"May";"7 ";"agent-Standard-PC-Q35-ICH9-2009";"12107";" Invalid user ubuntu ";"192.168.1.66";"08";"20";"May 7 ";"192.168.1.87";"08:20";"ubuntu ";1
"May";"7 ";"agent-Standard-PC-Q35-ICH9-2009";"12100";" Invalid user user ";"192.168.1.66";"08";"20";"May 7 ";"192.168.1.87";"08:20";"user ";1
"May";"7 ";"agent-Standard-PC-Q35-ICH9-2009";"12114";" Invalid user ubuntu ";"192.168.1.66";"08";"20";"May 7 ";"192.168.1.87";"08:20";"ubuntu ";1
"May";"7 ";"agent-Standard-PC-Q35-ICH9-2009";"12108";" Invalid user ubuntu ";"192.168.1.66";"08";"20";"May 7 ";"192.168.1.87";"08:20";"ubuntu ";1
"May";"7 ";"agent-Standard-PC-Q35-ICH9-2009";"12123";" Invalid user ubuntu ";"192.168.1.66";"08";"20";"May 7 ";"192.168.1.87";"08:20";"ubuntu ";1
"May";"7 ";"agent-Standard-PC-Q35-ICH9-2009";"12101";" Failed password for invalid user user ";"192.168.1.66";"08";"20";"May 7 ";"192.168.1.87";"08:20";"user ";3
"May";"7 ";"agent-Standard-PC-Q35-ICH9-2009";"12098";" Failed password for invalid user user ";"192.168.1.66";"08";"20";"May 7 ";"192.168.1.87";"08:20";"user ";3
"May";"7 ";"agent-Standard-PC-Q35-ICH9-2009";"12109";" Failed password for invalid user ubuntu ";"192.168.1.66";"08";"20";"May 7 ";"192.168.1.87";"08:20";"ubuntu ";3
"May";"7 ";"agent-Standard-PC-Q35-ICH9-2009";"12102";" Failed password for invalid user user ";"192.168.1.66";"08";"20";"May 7 ";"192.168.1.87";"08:20";"user ";3
"May";"7 ";"agent-Standard-PC-Q35-ICH9-2009";"12097";" Failed password for invalid user user ";"192.168.1.66";"08";"20";"May 7 ";"192.168.1.87";"08:20";"user ";3
"May";"7 ";"agent-Standard-PC-Q35-ICH9-2009";"12095";" Failed password for invalid user user ";"192.168.1.66";"08";"20";"May 7 ";"192.168.1.87";"08:20";"user ";3
"May";"7 ";"agent-Standard-PC-Q35-ICH9-2009";"12093";" Failed password for invalid user user ";"192.168.1.66";"08";"20";"May 7 ";"192.168.1.87";"08:20";"user ";3
"May";"7 ";"agent-Standard-PC-Q35-ICH9-2009";"12094";" Failed password for invalid user user ";"192.168.1.66";"08";"20";"May 7 ";"192.168.1.87";"08:20";"user ";3
"May";"7 ";"agent-Standard-PC-Q35-ICH9-2009";"12103";" Failed password for invalid user user ";"192.168.1.66";"08";"20";"May 7 ";"192.168.1.87";"08:20";"user ";3
"May";"7 ";"agent-Standard-PC-Q35-ICH9-2009";"12104";" Failed password for invalid user user ";"192.168.1.66";"08";"20";"May 7 ";"192.168.1.87";"08:20";"user ";3
"May";"7 ";"agent-Standard-PC-Q35-ICH9-2009";"12100";" Failed password for invalid user user ";"192.168.1.66";"08";"20";"May 7 ";"192.168.1.87";"08:20";"user ";3
"May";"7 ";"agent-Standard-PC-Q35-ICH9-2009";"12105";" Failed password for invalid user ubuntu ";"192.168.1.66";"08";"20";"May 7 ";"192.168.1.87";"08:20";"ubuntu ";3
"May";"7 ";"agent-Standard-PC-Q35-ICH9-2009";"12108";" Failed password for invalid user ubuntu ";"192.168.1.66";"08";"20";"May 7 ";"192.168.1.87";"08:20";"ubuntu ";3
"May";"7 ";"agent-Standard-PC-Q35-ICH9-2009";"12107";" Failed password for invalid user ubuntu ";"192.168.1.66";"08";"20";"May 7 ";"192.168.1.87";"08:20";"ubuntu ";3
"May";"7 ";"agent-Standard-PC-Q35-ICH9-2009";"12114";" Failed password for invalid user ubuntu ";"192.168.1.66";"08";"20";"May 7 ";"192.168.1.87";"08:20";"ubuntu ";3
"May";"7 ";"agent-Standard-PC-Q35-ICH9-2009";"12125";" Invalid user linux ";"192.168.1.66";"08";"20";"May 7 ";"192.168.1.87";"08:20";"linux ";1
"May";"7 ";"agent-Standard-PC-Q35-ICH9-2009";"12126";" Invalid user linux ";"192.168.1.66";"08";"20";"May 7 ";"192.168.1.87";"08:20";"linux ";1
"May";"7 ";"agent-Standard-PC-Q35-ICH9-2009";"12127";" Invalid user linux ";"192.168.1.66";"08";"20";"May 7 ";"192.168.1.87";"08:20";"linux ";1
"May";"7 ";"agent-Standard-PC-Q35-ICH9-2009";"12123";" Failed password for invalid user ubuntu ";"192.168.1.66";"08";"20";"May 7 ";"192.168.1.87";"08:20";"ubuntu ";3
"May";"7 ";"agent-Standard-PC-Q35-ICH9-2009";"12131";" Invalid user linux ";"192.168.1.66";"08";"20";"May 7 ";"192.168.1.87";"08:20";"linux ";1
"May";"7 ";"agent-Standard-PC-Q35-ICH9-2009";"12134";" Invalid user linux ";"192.168.1.66";"08";"20";"May 7 ";"192.168.1.87";"08:20";"linux ";1
"May";"7 ";"agent-Standard-PC-Q35-ICH9-2009";"12133";" Invalid user linux ";"192.168.1.66";"08";"20";"May 7 ";"192.168.1.87";"08:20";"linux ";1
"May";"7 ";"agent-Standard-PC-Q35-ICH9-2009";"12137";" Invalid user linux ";"192.168.1.66";"08";"20";"May 7 ";"192.168.1.87";"08:20";"linux ";1
"May";"7 ";"agent-Standard-PC-Q35-ICH9-2009";"12109";" Failed password for invalid user ubuntu ";"192.168.1.66";"08";"20";"May 7 ";"192.168.1.87";"08:20";"ubuntu ";3
"May";"7 ";"agent-Standard-PC-Q35-ICH9-2009";"12105";" Failed password for invalid user ubuntu ";"192.168.1.66";"08";"20";"May 7 ";"192.168.1.87";"08:20";"ubuntu ";3
"May";"7 ";"agent-Standard-PC-Q35-ICH9-2009";"12125";" Failed password for invalid user linux ";"192.168.1.66";"08";"20";"May 7 ";"192.168.1.87";"08:20";"linux ";3
"May";"7 ";"agent-Standard-PC-Q35-ICH9-2009";"12126";" Failed password for invalid user linux ";"192.168.1.66";"08";"20";"May 7 ";"192.168.1.87";"08:20";"linux ";3
"May";"7 ";"agent-Standard-PC-Q35-ICH9-2009";"12127";" Failed password for invalid user linux ";"192.168.1.66";"08";"20";"May 7 ";"192.168.1.87";"08:20";"linux ";3
"May";"7 ";"agent-Standard-PC-Q35-ICH9-2009";"12131";" Failed password for invalid user linux ";"192.168.1.66";"08";"20";"May 7 ";"192.168.1.87";"08:20";"linux ";3
"May";"7 ";"agent-Standard-PC-Q35-ICH9-2009";"12133";" Failed password for invalid user linux ";"192.168.1.66";"08";"20";"May 7 ";"192.168.1.87";"08:20";"linux ";3
"May";"7 ";"agent-Standard-PC-Q35-ICH9-2009";"12137";" Failed password for invalid user linux ";"192.168.1.66";"08";"20";"May 7 ";"192.168.1.87";"08:20";"linux ";3
"May";"7 ";"agent-Standard-PC-Q35-ICH9-2009";"12134";" Failed password for invalid user linux ";"192.168.1.66";"08";"20";"May 7 ";"192.168.1.87";"08:20";"linux ";3
"May";"7 ";"agent-Standard-PC-Q35-ICH9-2009";"12140";" Failed password for root ";"192.168.1.66";"08";"20";"May 7 ";"192.168.1.87";"08:20";"root ";2
"May";"7 ";"agent-Standard-PC-Q35-ICH9-2009";"12139";" Failed password for root ";"192.168.1.66";"08";"20";"May 7 ";"192.168.1.87";"08:20";"root ";2
"May";"7 ";"agent-Standard-PC-Q35-ICH9-2009";"12143";" Failed password for root ";"192.168.1.66";"08";"20";"May 7 ";"192.168.1.87";"08:20";"root ";2
"May";"7 ";"agent-Standard-PC-Q35-ICH9-2009";"12146";" Failed password for root ";"192.168.1.66";"08";"20";"May 7 ";"192.168.1.87";"08:20";"root ";2
"May";"7 ";"agent-Standard-PC-Q35-ICH9-2009";"12144";" Failed password for root ";"192.168.1.66";"08";"20";"May 7 ";"192.168.1.87";"08:20";"root ";2
"May";"7 ";"agent-Standard-PC-Q35-ICH9-2009";"12142";" Failed password for root ";"192.168.1.66";"08";"20";"May 7 ";"192.168.1.87";"08:20";"root ";2
"May";"7 ";"agent-Standard-PC-Q35-ICH9-2009";"12151";" Failed password for root ";"192.168.1.66";"08";"20";"May 7 ";"192.168.1.87";"08:20";"root ";2
"May";"7 ";"agent-Standard-PC-Q35-ICH9-2009";"12163";" Invalid user username ";"192.168.1.66";"08";"20";"May 7 ";"192.168.1.87";"08:20";"username ";1
"May";"7 ";"agent-Standard-PC-Q35-ICH9-2009";"12165";" Invalid user username ";"192.168.1.66";"08";"20";"May 7 ";"192.168.1.87";"08:20";"username ";1
"May";"7 ";"agent-Standard-PC-Q35-ICH9-2009";"12167";" Invalid user username ";"192.168.1.66";"08";"20";"May 7 ";"192.168.1.87";"08:20";"username ";1
"May";"7 ";"agent-Standard-PC-Q35-ICH9-2009";"12170";" Invalid user username ";"192.168.1.66";"08";"20";"May 7 ";"192.168.1.87";"08:20";"username ";1
"May";"7 ";"agent-Standard-PC-Q35-ICH9-2009";"12169";" Invalid user username ";"192.168.1.66";"08";"20";"May 7 ";"192.168.1.87";"08:20";"username ";1
"May";"7 ";"agent-Standard-PC-Q35-ICH9-2009";"12173";" Invalid user username ";"192.168.1.66";"08";"20";"May 7 ";"192.168.1.87";"08:20";"username ";1
"May";"7 ";"agent-Standard-PC-Q35-ICH9-2009";"12175";" Invalid user username ";"192.168.1.66";"08";"20";"May 7 ";"192.168.1.87";"08:20";"username ";1
"May";"7 ";"agent-Standard-PC-Q35-ICH9-2009";"12178";" Invalid user username ";"192.168.1.66";"08";"20";"May 7 ";"192.168.1.87";"08:20";"username ";1
"May";"7 ";"agent-Standard-PC-Q35-ICH9-2009";"12177";" Invalid user username ";"192.168.1.66";"08";"20";"May 7 ";"192.168.1.87";"08:20";"username ";1
"May";"7 ";"agent-Standard-PC-Q35-ICH9-2009";"12154";" Failed password for root ";"192.168.1.66";"08";"20";"May 7 ";"192.168.1.87";"08:20";"root ";2
"May";"7 ";"agent-Standard-PC-Q35-ICH9-2009";"12153";" Failed password for root ";"192.168.1.66";"08";"20";"May 7 ";"192.168.1.87";"08:20";"root ";2
"May";"7 ";"agent-Standard-PC-Q35-ICH9-2009";"12181";" Invalid user username ";"192.168.1.66";"08";"20";"May 7 ";"192.168.1.87";"08:20";"username ";1
"May";"7 ";"agent-Standard-PC-Q35-ICH9-2009";"12157";" Failed password for root ";"192.168.1.66";"08";"20";"May 7 ";"192.168.1.87";"08:20";"root ";2
"May";"7 ";"agent-Standard-PC-Q35-ICH9-2009";"12183";" Invalid user username ";"192.168.1.66";"08";"20";"May 7 ";"192.168.1.87";"08:20";"username ";1
"May";"7 ";"agent-Standard-PC-Q35-ICH9-2009";"12185";" Invalid user default ";"192.168.1.66";"08";"20";"May 7 ";"192.168.1.87";"08:20";"default ";1
"May";"7 ";"agent-Standard-PC-Q35-ICH9-2009";"12188";" Invalid user default ";"192.168.1.66";"08";"20";"May 7 ";"192.168.1.87";"08:20";"default ";1
"May";"7 ";"agent-Standard-PC-Q35-ICH9-2009";"12187";" Invalid user default ";"192.168.1.66";"08";"20";"May 7 ";"192.168.1.87";"08:20";"default ";1
"May";"7 ";"agent-Standard-PC-Q35-ICH9-2009";"12159";" Failed password for root ";"192.168.1.66";"08";"20";"May 7 ";"192.168.1.87";"08:20";"root ";2
"May";"7 ";"agent-Standard-PC-Q35-ICH9-2009";"12160";" Failed password for root ";"192.168.1.66";"08";"20";"May 7 ";"192.168.1.87";"08:20";"root ";2
"May";"7 ";"agent-Standard-PC-Q35-ICH9-2009";"12163";" Failed password for invalid user username ";"192.168.1.66";"08";"20";"May 7 ";"192.168.1.87";"08:20";"username ";3
"May";"7 ";"agent-Standard-PC-Q35-ICH9-2009";"12165";" Failed password for invalid user username ";"192.168.1.66";"08";"20";"May 7 ";"192.168.1.87";"08:20";"username ";3
"May";"7 ";"agent-Standard-PC-Q35-ICH9-2009";"12167";" Failed password for invalid user username ";"192.168.1.66";"08";"20";"May 7 ";"192.168.1.87";"08:20";"username ";3
"May";"7 ";"agent-Standard-PC-Q35-ICH9-2009";"12170";" Failed password for invalid user username ";"192.168.1.66";"08";"20";"May 7 ";"192.168.1.87";"08:20";"username ";3
"May";"7 ";"agent-Standard-PC-Q35-ICH9-2009";"12169";" Failed password for invalid user username ";"192.168.1.66";"08";"20";"May 7 ";"192.168.1.87";"08:20";"username ";3
"May";"7 ";"agent-Standard-PC-Q35-ICH9-2009";"12173";" Failed password for invalid user username ";"192.168.1.66";"08";"20";"May 7 ";"192.168.1.87";"08:20";"username ";3
"May";"7 ";"agent-Standard-PC-Q35-ICH9-2009";"12175";" Failed password for invalid user username ";"192.168.1.66";"08";"20";"May 7 ";"192.168.1.87";"08:20";"username ";3
"May";"7 ";"agent-Standard-PC-Q35-ICH9-2009";"12178";" Failed password for invalid user username ";"192.168.1.66";"08";"20";"May 7 ";"192.168.1.87";"08:20";"username ";3
"May";"7 ";"agent-Standard-PC-Q35-ICH9-2009";"12177";" Failed password for invalid user username ";"192.168.1.66";"08";"20";"May 7 ";"192.168.1.87";"08:20";"username ";3
"May";"7 ";"agent-Standard-PC-Q35-ICH9-2009";"12199";" Invalid user default ";"192.168.1.66";"08";"20";"May 7 ";"192.168.1.87";"08:20";"default ";1
"May";"7 ";"agent-Standard-PC-Q35-ICH9-2009";"12181";" Failed password for invalid user username ";"192.168.1.66";"08";"20";"May 7 ";"192.168.1.87";"08:20";"username ";3
"May";"7 ";"agent-Standard-PC-Q35-ICH9-2009";"12183";" Failed password for invalid user username ";"192.168.1.66";"08";"20";"May 7 ";"192.168.1.87";"08:20";"username ";3
"May";"7 ";"agent-Standard-PC-Q35-ICH9-2009";"12201";" Invalid user default ";"192.168.1.66";"08";"20";"May 7 ";"192.168.1.87";"08:20";"default ";1
"May";"7 ";"agent-Standard-PC-Q35-ICH9-2009";"12203";" Invalid user default ";"192.168.1.66";"08";"20";"May 7 ";"192.168.1.87";"08:20";"default ";1
"May";"7 ";"agent-Standard-PC-Q35-ICH9-2009";"12205";" Invalid user default ";"192.168.1.66";"08";"20";"May 7 ";"192.168.1.87";"08:20";"default ";1
"May";"7 ";"agent-Standard-PC-Q35-ICH9-2009";"12206";" Invalid user default ";"192.168.1.66";"08";"20";"May 7 ";"192.168.1.87";"08:20";"default ";1
"May";"7 ";"agent-Standard-PC-Q35-ICH9-2009";"12185";" Failed password for invalid user default ";"192.168.1.66";"08";"20";"May 7 ";"192.168.1.87";"08:20";"default ";3
"May";"7 ";"agent-Standard-PC-Q35-ICH9-2009";"12188";" Failed password for invalid user default ";"192.168.1.66";"08";"20";"May 7 ";"192.168.1.87";"08:20";"default ";3
"May";"7 ";"agent-Standard-PC-Q35-ICH9-2009";"12187";" Failed password for invalid user default ";"192.168.1.66";"08";"20";"May 7 ";"192.168.1.87";"08:20";"default ";3
"May";"7 ";"agent-Standard-PC-Q35-ICH9-2009";"12209";" Invalid user default ";"192.168.1.66";"08";"20";"May 7 ";"192.168.1.87";"08:20";"default ";1
"May";"7 ";"agent-Standard-PC-Q35-ICH9-2009";"12211";" Invalid user login ";"192.168.1.66";"08";"20";"May 7 ";"192.168.1.87";"08:20";"login ";1
"May";"7 ";"agent-Standard-PC-Q35-ICH9-2009";"12213";" Invalid user login ";"192.168.1.66";"08";"20";"May 7 ";"192.168.1.87";"08:20";"login ";1
"May";"7 ";"agent-Standard-PC-Q35-ICH9-2009";"12215";" Invalid user login ";"192.168.1.66";"08";"20";"May 7 ";"192.168.1.87";"08:20";"login ";1
"May";"7 ";"agent-Standard-PC-Q35-ICH9-2009";"12219";" Invalid user login ";"192.168.1.66";"08";"20";"May 7 ";"192.168.1.87";"08:20";"login ";1
"May";"7 ";"agent-Standard-PC-Q35-ICH9-2009";"12222";" Invalid user login ";"192.168.1.66";"08";"20";"May 7 ";"192.168.1.87";"08:20";"login ";1
"May";"7 ";"agent-Standard-PC-Q35-ICH9-2009";"12221";" Invalid user login ";"192.168.1.66";"08";"20";"May 7 ";"192.168.1.87";"08:20";"login ";1
"May";"7 ";"agent-Standard-PC-Q35-ICH9-2009";"12225";" Invalid user login ";"192.168.1.66";"08";"20";"May 7 ";"192.168.1.87";"08:20";"login ";1
"May";"7 ";"agent-Standard-PC-Q35-ICH9-2009";"12227";" Invalid user login ";"192.168.1.66";"08";"20";"May 7 ";"192.168.1.87";"08:20";"login ";1
"May";"7 ";"agent-Standard-PC-Q35-ICH9-2009";"12228";" Invalid user login ";"192.168.1.66";"08";"20";"May 7 ";"192.168.1.87";"08:20";"login ";1
"May";"7 ";"agent-Standard-PC-Q35-ICH9-2009";"12229";" Invalid user login ";"192.168.1.66";"08";"20";"May 7 ";"192.168.1.87";"08:20";"login ";1
"May";"7 ";"agent-Standard-PC-Q35-ICH9-2009";"12201";" Failed password for invalid user default ";"192.168.1.66";"08";"20";"May 7 ";"192.168.1.87";"08:20";"default ";3
"May";"7 ";"agent-Standard-PC-Q35-ICH9-2009";"12203";" Failed password for invalid user default ";"192.168.1.66";"08";"20";"May 7 ";"192.168.1.87";"08:20";"default ";3
"May";"7 ";"agent-Standard-PC-Q35-ICH9-2009";"12205";" Failed password for invalid user default ";"192.168.1.66";"08";"20";"May 7 ";"192.168.1.87";"08:20";"default ";3
"May";"7 ";"agent-Standard-PC-Q35-ICH9-2009";"12206";" Failed password for invalid user default ";"192.168.1.66";"08";"20";"May 7 ";"192.168.1.87";"08:20";"default ";3
"May";"7 ";"agent-Standard-PC-Q35-ICH9-2009";"12199";" Failed password for invalid user default ";"192.168.1.66";"08";"20";"May 7 ";"192.168.1.87";"08:20";"default ";3
"May";"7 ";"agent-Standard-PC-Q35-ICH9-2009";"12209";" Failed password for invalid user default ";"192.168.1.66";"08";"20";"May 7 ";"192.168.1.87";"08:20";"default ";3
"May";"7 ";"agent-Standard-PC-Q35-ICH9-2009";"12211";" Failed password for invalid user login ";"192.168.1.66";"08";"20";"May 7 ";"192.168.1.87";"08:20";"login ";3
"May";"7 ";"agent-Standard-PC-Q35-ICH9-2009";"12213";" Failed password for invalid user login ";"192.168.1.66";"08";"20";"May 7 ";"192.168.1.87";"08:20";"login ";3
"May";"7 ";"agent-Standard-PC-Q35-ICH9-2009";"12215";" Failed password for invalid user login ";"192.168.1.66";"08";"20";"May 7 ";"192.168.1.87";"08:20";"login ";3
"May";"7 ";"agent-Standard-PC-Q35-ICH9-2009";"12219";" Failed password for invalid user login ";"192.168.1.66";"08";"20";"May 7 ";"192.168.1.87";"08:20";"login ";3
"May";"7 ";"agent-Standard-PC-Q35-ICH9-2009";"12222";" Failed password for invalid user login ";"192.168.1.66";"08";"20";"May 7 ";"192.168.1.87";"08:20";"login ";3
"May";"7 ";"agent-Standard-PC-Q35-ICH9-2009";"12221";" Failed password for invalid user login ";"192.168.1.66";"08";"20";"May 7 ";"192.168.1.87";"08:20";"login ";3
"May";"7 ";"agent-Standard-PC-Q35-ICH9-2009";"12225";" Failed password for invalid user login ";"192.168.1.66";"08";"20";"May 7 ";"192.168.1.87";"08:20";"login ";3
"May";"7 ";"agent-Standard-PC-Q35-ICH9-2009";"12233";" Invalid user login ";"192.168.1.66";"08";"20";"May 7 ";"192.168.1.87";"08:20";"login ";1
"May";"7 ";"agent-Standard-PC-Q35-ICH9-2009";"12235";" Invalid user admin ";"192.168.1.66";"08";"20";"May 7 ";"192.168.1.87";"08:20";"admin ";1
"May";"7 ";"agent-Standard-PC-Q35-ICH9-2009";"12237";" Invalid user admin ";"192.168.1.66";"08";"20";"May 7 ";"192.168.1.87";"08:20";"admin ";1
"May";"7 ";"agent-Standard-PC-Q35-ICH9-2009";"12239";" Invalid user admin ";"192.168.1.66";"08";"20";"May 7 ";"192.168.1.87";"08:20";"admin ";1
"May";"7 ";"agent-Standard-PC-Q35-ICH9-2009";"12227";" Failed password for invalid user login ";"192.168.1.66";"08";"20";"May 7 ";"192.168.1.87";"08:20";"login ";3
"May";"7 ";"agent-Standard-PC-Q35-ICH9-2009";"12228";" Failed password for invalid user login ";"192.168.1.66";"08";"20";"May 7 ";"192.168.1.87";"08:20";"login ";3
"May";"7 ";"agent-Standard-PC-Q35-ICH9-2009";"12229";" Failed password for invalid user login ";"192.168.1.66";"08";"20";"May 7 ";"192.168.1.87";"08:20";"login ";3
"May";"7 ";"agent-Standard-PC-Q35-ICH9-2009";"12241";" Invalid user admin ";"192.168.1.66";"08";"20";"May 7 ";"192.168.1.87";"08:20";"admin ";1
"May";"7 ";"agent-Standard-PC-Q35-ICH9-2009";"12243";" Invalid user admin ";"192.168.1.66";"08";"20";"May 7 ";"192.168.1.87";"08:20";"admin ";1
"May";"7 ";"agent-Standard-PC-Q35-ICH9-2009";"12244";" Invalid user admin ";"192.168.1.66";"08";"20";"May 7 ";"192.168.1.87";"08:20";"admin ";1
"May";"7 ";"agent-Standard-PC-Q35-ICH9-2009";"12247";" Invalid user admin ";"192.168.1.66";"08";"20";"May 7 ";"192.168.1.87";"08:20";"admin ";1
"May";"7 ";"agent-Standard-PC-Q35-ICH9-2009";"12249";" Invalid user admin ";"192.168.1.66";"08";"20";"May 7 ";"192.168.1.87";"08:20";"admin ";1
"May";"7 ";"agent-Standard-PC-Q35-ICH9-2009";"12251";" Invalid user admin ";"192.168.1.66";"08";"20";"May 7 ";"192.168.1.87";"08:20";"admin ";1
"May";"7 ";"agent-Standard-PC-Q35-ICH9-2009";"12253";" Invalid user guest ";"192.168.1.66";"08";"20";"May 7 ";"192.168.1.87";"08:20";"guest ";1
"May";"7 ";"agent-Standard-PC-Q35-ICH9-2009";"12255";" Invalid user guest ";"192.168.1.66";"08";"20";"May 7 ";"192.168.1.87";"08:20";"guest ";1
"May";"7 ";"agent-Standard-PC-Q35-ICH9-2009";"12257";" Invalid user guest ";"192.168.1.66";"08";"20";"May 7 ";"192.168.1.87";"08:20";"guest ";1
"May";"7 ";"agent-Standard-PC-Q35-ICH9-2009";"12233";" Failed password for invalid user login ";"192.168.1.66";"08";"20";"May 7 ";"192.168.1.87";"08:20";"login ";3
"May";"7 ";"agent-Standard-PC-Q35-ICH9-2009";"12235";" Failed password for invalid user admin ";"192.168.1.66";"08";"20";"May 7 ";"192.168.1.87";"08:20";"admin ";3
"May";"7 ";"agent-Standard-PC-Q35-ICH9-2009";"12237";" Failed password for invalid user admin ";"192.168.1.66";"08";"20";"May 7 ";"192.168.1.87";"08:20";"admin ";3
"May";"7 ";"agent-Standard-PC-Q35-ICH9-2009";"12259";" Invalid user guest ";"192.168.1.66";"08";"20";"May 7 ";"192.168.1.87";"08:20";"guest ";1
"May";"7 ";"agent-Standard-PC-Q35-ICH9-2009";"12239";" Failed password for invalid user admin ";"192.168.1.66";"08";"20";"May 7 ";"192.168.1.87";"08:20";"admin ";3
"May";"7 ";"agent-Standard-PC-Q35-ICH9-2009";"12260";" Invalid user guest ";"192.168.1.66";"08";"20";"May 7 ";"192.168.1.87";"08:20";"guest ";1
"May";"7 ";"agent-Standard-PC-Q35-ICH9-2009";"12241";" Failed password for invalid user admin ";"192.168.1.66";"08";"20";"May 7 ";"192.168.1.87";"08:20";"admin ";3
"May";"7 ";"agent-Standard-PC-Q35-ICH9-2009";"12263";" Invalid user guest ";"192.168.1.66";"08";"20";"May 7 ";"192.168.1.87";"08:20";"guest ";1
"May";"7 ";"agent-Standard-PC-Q35-ICH9-2009";"12265";" Invalid user guest ";"192.168.1.66";"08";"20";"May 7 ";"192.168.1.87";"08:20";"guest ";1
"May";"7 ";"agent-Standard-PC-Q35-ICH9-2009";"12267";" Invalid user guest ";"192.168.1.66";"08";"20";"May 7 ";"192.168.1.87";"08:20";"guest ";1
"May";"7 ";"agent-Standard-PC-Q35-ICH9-2009";"12268";" Invalid user guest ";"192.168.1.66";"08";"20";"May 7 ";"192.168.1.87";"08:20";"guest ";1
"May";"7 ";"agent-Standard-PC-Q35-ICH9-2009";"12271";" Invalid user guest ";"192.168.1.66";"08";"20";"May 7 ";"192.168.1.87";"08:20";"guest ";1
"May";"7 ";"agent-Standard-PC-Q35-ICH9-2009";"12243";" Failed password for invalid user admin ";"192.168.1.66";"08";"20";"May 7 ";"192.168.1.87";"08:20";"admin ";3
"May";"7 ";"agent-Standard-PC-Q35-ICH9-2009";"12244";" Failed password for invalid user admin ";"192.168.1.66";"08";"20";"May 7 ";"192.168.1.87";"08:20";"admin ";3
"May";"7 ";"agent-Standard-PC-Q35-ICH9-2009";"12247";" Failed password for invalid user admin ";"192.168.1.66";"08";"20";"May 7 ";"192.168.1.87";"08:20";"admin ";3
"May";"7 ";"agent-Standard-PC-Q35-ICH9-2009";"12249";" Failed password for invalid user admin ";"192.168.1.66";"08";"20";"May 7 ";"192.168.1.87";"08:20";"admin ";3
"May";"7 ";"agent-Standard-PC-Q35-ICH9-2009";"12251";" Failed password for invalid user admin ";"192.168.1.66";"08";"20";"May 7 ";"192.168.1.87";"08:20";"admin ";3
"May";"7 ";"agent-Standard-PC-Q35-ICH9-2009";"12253";" Failed password for invalid user guest ";"192.168.1.66";"08";"20";"May 7 ";"192.168.1.87";"08:20";"guest ";3
"May";"7 ";"agent-Standard-PC-Q35-ICH9-2009";"12255";" Failed password for invalid user guest ";"192.168.1.66";"08";"20";"May 7 ";"192.168.1.87";"08:20";"guest ";3
"May";"7 ";"agent-Standard-PC-Q35-ICH9-2009";"12257";" Failed password for invalid user guest ";"192.168.1.66";"08";"20";"May 7 ";"192.168.1.87";"08:20";"guest ";3
"May";"7 ";"agent-Standard-PC-Q35-ICH9-2009";"12273";" Invalid user administrator ";"192.168.1.66";"08";"20";"May 7 ";"192.168.1.87";"08:20";"administrator ";1
"May";"7 ";"agent-Standard-PC-Q35-ICH9-2009";"12260";" Failed password for invalid user guest ";"192.168.1.66";"08";"20";"May 7 ";"192.168.1.87";"08:20";"guest ";3
"May";"7 ";"agent-Standard-PC-Q35-ICH9-2009";"12259";" Failed password for invalid user guest ";"192.168.1.66";"08";"20";"May 7 ";"192.168.1.87";"08:20";"guest ";3
"May";"7 ";"agent-Standard-PC-Q35-ICH9-2009";"12263";" Failed password for invalid user guest ";"192.168.1.66";"08";"20";"May 7 ";"192.168.1.87";"08:20";"guest ";3
"May";"7 ";"agent-Standard-PC-Q35-ICH9-2009";"12265";" Failed password for invalid user guest ";"192.168.1.66";"08";"20";"May 7 ";"192.168.1.87";"08:20";"guest ";3
"May";"7 ";"agent-Standard-PC-Q35-ICH9-2009";"12267";" Failed password for invalid user guest ";"192.168.1.66";"08";"20";"May 7 ";"192.168.1.87";"08:20";"guest ";3
"May";"7 ";"agent-Standard-PC-Q35-ICH9-2009";"12268";" Failed password for invalid user guest ";"192.168.1.66";"08";"20";"May 7 ";"192.168.1.87";"08:20";"guest ";3
"May";"7 ";"agent-Standard-PC-Q35-ICH9-2009";"12271";" Failed password for invalid user guest ";"192.168.1.66";"08";"20";"May 7 ";"192.168.1.87";"08:20";"guest ";3
"May";"7 ";"agent-Standard-PC-Q35-ICH9-2009";"12275";" Invalid user administrator ";"192.168.1.66";"08";"20";"May 7 ";"192.168.1.87";"08:20";"administrator ";1
"May";"7 ";"agent-Standard-PC-Q35-ICH9-2009";"12277";" Invalid user administrator ";"192.168.1.66";"08";"20";"May 7 ";"192.168.1.87";"08:20";"administrator ";1
"May";"7 ";"agent-Standard-PC-Q35-ICH9-2009";"12279";" Invalid user administrator ";"192.168.1.66";"08";"20";"May 7 ";"192.168.1.87";"08:20";"administrator ";1
"May";"7 ";"agent-Standard-PC-Q35-ICH9-2009";"12281";" Invalid user administrator ";"192.168.1.66";"08";"20";"May 7 ";"192.168.1.87";"08:20";"administrator ";1
"May";"7 ";"agent-Standard-PC-Q35-ICH9-2009";"12282";" Invalid user administrator ";"192.168.1.66";"08";"20";"May 7 ";"192.168.1.87";"08:20";"administrator ";1
"May";"7 ";"agent-Standard-PC-Q35-ICH9-2009";"12283";" Invalid user administrator ";"192.168.1.66";"08";"20";"May 7 ";"192.168.1.87";"08:20";"administrator ";1
"May";"7 ";"agent-Standard-PC-Q35-ICH9-2009";"12286";" Invalid user administrator ";"192.168.1.66";"08";"20";"May 7 ";"192.168.1.87";"08:20";"administrator ";1
"May";"7 ";"agent-Standard-PC-Q35-ICH9-2009";"12289";" Invalid user administrator ";"192.168.1.66";"08";"20";"May 7 ";"192.168.1.87";"08:20";"administrator ";1
"May";"7 ";"agent-Standard-PC-Q35-ICH9-2009";"12290";" Invalid user administrator ";"192.168.1.66";"08";"20";"May 7 ";"192.168.1.87";"08:20";"administrator ";1
"May";"7 ";"agent-Standard-PC-Q35-ICH9-2009";"12293";" Invalid user pi ";"192.168.1.66";"08";"20";"May 7 ";"192.168.1.87";"08:20";"pi ";1
"May";"7 ";"agent-Standard-PC-Q35-ICH9-2009";"12294";" Invalid user pi ";"192.168.1.66";"08";"20";"May 7 ";"192.168.1.87";"08:20";"pi ";1
"May";"7 ";"agent-Standard-PC-Q35-ICH9-2009";"12273";" Failed password for invalid user administrator ";"192.168.1.66";"08";"20";"May 7 ";"192.168.1.87";"08:20";"administrator ";3
"May";"7 ";"agent-Standard-PC-Q35-ICH9-2009";"12297";" Invalid user pi ";"192.168.1.66";"08";"20";"May 7 ";"192.168.1.87";"08:20";"pi ";1
"May";"7 ";"agent-Standard-PC-Q35-ICH9-2009";"12299";" Invalid user pi ";"192.168.1.66";"08";"20";"May 7 ";"192.168.1.87";"08:20";"pi ";1
"May";"7 ";"agent-Standard-PC-Q35-ICH9-2009";"12301";" Invalid user pi ";"192.168.1.66";"08";"20";"May 7 ";"192.168.1.87";"08:20";"pi ";1
"May";"7 ";"agent-Standard-PC-Q35-ICH9-2009";"12302";" Invalid user pi ";"192.168.1.66";"08";"20";"May 7 ";"192.168.1.87";"08:20";"pi ";1
"May";"7 ";"agent-Standard-PC-Q35-ICH9-2009";"12275";" Failed password for invalid user administrator ";"192.168.1.66";"08";"21";"May 7 ";"192.168.1.87";"08:21";"administrator ";3
"May";"7 ";"agent-Standard-PC-Q35-ICH9-2009";"12305";" Invalid user pi ";"192.168.1.66";"08";"21";"May 7 ";"192.168.1.87";"08:21";"pi ";1
"May";"7 ";"agent-Standard-PC-Q35-ICH9-2009";"12279";" Failed password for invalid user administrator ";"192.168.1.66";"08";"21";"May 7 ";"192.168.1.87";"08:21";"administrator ";3
"May";"7 ";"agent-Standard-PC-Q35-ICH9-2009";"12277";" Failed password for invalid user administrator ";"192.168.1.66";"08";"21";"May 7 ";"192.168.1.87";"08:21";"administrator ";3
"May";"7 ";"agent-Standard-PC-Q35-ICH9-2009";"12281";" Failed password for invalid user administrator ";"192.168.1.66";"08";"21";"May 7 ";"192.168.1.87";"08:21";"administrator ";3
"May";"7 ";"agent-Standard-PC-Q35-ICH9-2009";"12282";" Failed password for invalid user administrator ";"192.168.1.66";"08";"21";"May 7 ";"192.168.1.87";"08:21";"administrator ";3
"May";"7 ";"agent-Standard-PC-Q35-ICH9-2009";"12283";" Failed password for invalid user administrator ";"192.168.1.66";"08";"21";"May 7 ";"192.168.1.87";"08:21";"administrator ";3
"May";"7 ";"agent-Standard-PC-Q35-ICH9-2009";"12286";" Failed password for invalid user administrator ";"192.168.1.66";"08";"21";"May 7 ";"192.168.1.87";"08:21";"administrator ";3
"May";"7 ";"agent-Standard-PC-Q35-ICH9-2009";"12289";" Failed password for invalid user administrator ";"192.168.1.66";"08";"21";"May 7 ";"192.168.1.87";"08:21";"administrator ";3
"May";"7 ";"agent-Standard-PC-Q35-ICH9-2009";"12290";" Failed password for invalid user administrator ";"192.168.1.66";"08";"21";"May 7 ";"192.168.1.87";"08:21";"administrator ";3
"May";"7 ";"agent-Standard-PC-Q35-ICH9-2009";"12307";" Invalid user pi ";"192.168.1.66";"08";"21";"May 7 ";"192.168.1.87";"08:21";"pi ";1
"May";"7 ";"agent-Standard-PC-Q35-ICH9-2009";"12293";" Failed password for invalid user pi ";"192.168.1.66";"08";"21";"May 7 ";"192.168.1.87";"08:21";"pi ";3
"May";"7 ";"agent-Standard-PC-Q35-ICH9-2009";"12294";" Failed password for invalid user pi ";"192.168.1.66";"08";"21";"May 7 ";"192.168.1.87";"08:21";"pi ";3
"May";"7 ";"agent-Standard-PC-Q35-ICH9-2009";"12297";" Failed password for invalid user pi ";"192.168.1.66";"08";"21";"May 7 ";"192.168.1.87";"08:21";"pi ";3
"May";"7 ";"agent-Standard-PC-Q35-ICH9-2009";"12311";" Invalid user vagrant ";"192.168.1.66";"08";"21";"May 7 ";"192.168.1.87";"08:21";"vagrant ";1
"May";"7 ";"agent-Standard-PC-Q35-ICH9-2009";"12309";" Invalid user pi ";"192.168.1.66";"08";"21";"May 7 ";"192.168.1.87";"08:21";"pi ";1
"May";"7 ";"agent-Standard-PC-Q35-ICH9-2009";"12299";" Failed password for invalid user pi ";"192.168.1.66";"08";"21";"May 7 ";"192.168.1.87";"08:21";"pi ";3
"May";"7 ";"agent-Standard-PC-Q35-ICH9-2009";"12313";" Invalid user vagrant ";"192.168.1.66";"08";"21";"May 7 ";"192.168.1.87";"08:21";"vagrant ";1
"May";"7 ";"agent-Standard-PC-Q35-ICH9-2009";"12315";" Invalid user vagrant ";"192.168.1.66";"08";"21";"May 7 ";"192.168.1.87";"08:21";"vagrant ";1
"May";"7 ";"agent-Standard-PC-Q35-ICH9-2009";"12317";" Invalid user vagrant ";"192.168.1.66";"08";"21";"May 7 ";"192.168.1.87";"08:21";"vagrant ";1
"May";"7 ";"agent-Standard-PC-Q35-ICH9-2009";"12301";" Failed password for invalid user pi ";"192.168.1.66";"08";"21";"May 7 ";"192.168.1.87";"08:21";"pi ";3
"May";"7 ";"agent-Standard-PC-Q35-ICH9-2009";"12302";" Failed password for invalid user pi ";"192.168.1.66";"08";"21";"May 7 ";"192.168.1.87";"08:21";"pi ";3
"May";"7 ";"agent-Standard-PC-Q35-ICH9-2009";"12319";" Invalid user vagrant ";"192.168.1.66";"08";"21";"May 7 ";"192.168.1.87";"08:21";"vagrant ";1
"May";"7 ";"agent-Standard-PC-Q35-ICH9-2009";"12320";" Invalid user vagrant ";"192.168.1.66";"08";"21";"May 7 ";"192.168.1.87";"08:21";"vagrant ";1
"May";"7 ";"agent-Standard-PC-Q35-ICH9-2009";"12323";" Invalid user vagrant ";"192.168.1.66";"08";"21";"May 7 ";"192.168.1.87";"08:21";"vagrant ";1
"May";"7 ";"agent-Standard-PC-Q35-ICH9-2009";"12325";" Invalid user vagrant ";"192.168.1.66";"08";"21";"May 7 ";"192.168.1.87";"08:21";"vagrant ";1
"May";"7 ";"agent-Standard-PC-Q35-ICH9-2009";"12326";" Invalid user vagrant ";"192.168.1.66";"08";"21";"May 7 ";"192.168.1.87";"08:21";"vagrant ";1
"May";"7 ";"agent-Standard-PC-Q35-ICH9-2009";"12329";" Invalid user wazuh ";"192.168.1.66";"08";"21";"May 7 ";"192.168.1.87";"08:21";"wazuh ";1
"May";"7 ";"agent-Standard-PC-Q35-ICH9-2009";"12305";" Failed password for invalid user pi ";"192.168.1.66";"08";"21";"May 7 ";"192.168.1.87";"08:21";"pi ";3
"May";"7 ";"agent-Standard-PC-Q35-ICH9-2009";"12331";" Invalid user wazuh ";"192.168.1.66";"08";"21";"May 7 ";"192.168.1.87";"08:21";"wazuh ";1
"May";"7 ";"agent-Standard-PC-Q35-ICH9-2009";"12333";" Invalid user wazuh ";"192.168.1.66";"08";"21";"May 7 ";"192.168.1.87";"08:21";"wazuh ";1
"May";"7 ";"agent-Standard-PC-Q35-ICH9-2009";"12311";" Failed password for invalid user vagrant ";"192.168.1.66";"08";"21";"May 7 ";"192.168.1.87";"08:21";"vagrant ";3
"May";"7 ";"agent-Standard-PC-Q35-ICH9-2009";"12309";" Failed password for invalid user pi ";"192.168.1.66";"08";"21";"May 7 ";"192.168.1.87";"08:21";"pi ";3
"May";"7 ";"agent-Standard-PC-Q35-ICH9-2009";"12313";" Failed password for invalid user vagrant ";"192.168.1.66";"08";"21";"May 7 ";"192.168.1.87";"08:21";"vagrant ";3
"May";"7 ";"agent-Standard-PC-Q35-ICH9-2009";"12315";" Failed password for invalid user vagrant ";"192.168.1.66";"08";"21";"May 7 ";"192.168.1.87";"08:21";"vagrant ";3
"May";"7 ";"agent-Standard-PC-Q35-ICH9-2009";"12317";" Failed password for invalid user vagrant ";"192.168.1.66";"08";"21";"May 7 ";"192.168.1.87";"08:21";"vagrant ";3
"May";"7 ";"agent-Standard-PC-Q35-ICH9-2009";"12307";" Failed password for invalid user pi ";"192.168.1.66";"08";"21";"May 7 ";"192.168.1.87";"08:21";"pi ";3
"May";"7 ";"agent-Standard-PC-Q35-ICH9-2009";"12293";" Failed password for invalid user pi ";"192.168.1.66";"08";"21";"May 7 ";"192.168.1.87";"08:21";"pi ";3
"May";"7 ";"agent-Standard-PC-Q35-ICH9-2009";"12294";" Failed password for invalid user pi ";"192.168.1.66";"08";"21";"May 7 ";"192.168.1.87";"08:21";"pi ";3
"May";"7 ";"agent-Standard-PC-Q35-ICH9-2009";"12319";" Failed password for invalid user vagrant ";"192.168.1.66";"08";"21";"May 7 ";"192.168.1.87";"08:21";"vagrant ";3
"May";"7 ";"agent-Standard-PC-Q35-ICH9-2009";"12320";" Failed password for invalid user vagrant ";"192.168.1.66";"08";"21";"May 7 ";"192.168.1.87";"08:21";"vagrant ";3
"May";"7 ";"agent-Standard-PC-Q35-ICH9-2009";"12323";" Failed password for invalid user vagrant ";"192.168.1.66";"08";"21";"May 7 ";"192.168.1.87";"08:21";"vagrant ";3
"May";"7 ";"agent-Standard-PC-Q35-ICH9-2009";"12325";" Failed password for invalid user vagrant ";"192.168.1.66";"08";"21";"May 7 ";"192.168.1.87";"08:21";"vagrant ";3
"May";"7 ";"agent-Standard-PC-Q35-ICH9-2009";"12326";" Failed password for invalid user vagrant ";"192.168.1.66";"08";"21";"May 7 ";"192.168.1.87";"08:21";"vagrant ";3
"May";"7 ";"agent-Standard-PC-Q35-ICH9-2009";"12329";" Failed password for invalid user wazuh ";"192.168.1.66";"08";"21";"May 7 ";"192.168.1.87";"08:21";"wazuh ";3
"May";"7 ";"agent-Standard-PC-Q35-ICH9-2009";"12335";" Invalid user wazuh ";"192.168.1.66";"08";"21";"May 7 ";"192.168.1.87";"08:21";"wazuh ";1
"May";"7 ";"agent-Standard-PC-Q35-ICH9-2009";"12331";" Failed password for invalid user wazuh ";"192.168.1.66";"08";"21";"May 7 ";"192.168.1.87";"08:21";"wazuh ";3
"May";"7 ";"agent-Standard-PC-Q35-ICH9-2009";"12333";" Failed password for invalid user wazuh ";"192.168.1.66";"08";"21";"May 7 ";"192.168.1.87";"08:21";"wazuh ";3
"May";"7 ";"agent-Standard-PC-Q35-ICH9-2009";"12338";" Invalid user wazuh ";"192.168.1.66";"08";"21";"May 7 ";"192.168.1.87";"08:21";"wazuh ";1
"May";"7 ";"agent-Standard-PC-Q35-ICH9-2009";"12337";" Invalid user wazuh ";"192.168.1.66";"08";"21";"May 7 ";"192.168.1.87";"08:21";"wazuh ";1
"May";"7 ";"agent-Standard-PC-Q35-ICH9-2009";"12341";" Invalid user wazuh ";"192.168.1.66";"08";"21";"May 7 ";"192.168.1.87";"08:21";"wazuh ";1
"May";"7 ";"agent-Standard-PC-Q35-ICH9-2009";"12343";" Invalid user wazuh ";"192.168.1.66";"08";"21";"May 7 ";"192.168.1.87";"08:21";"wazuh ";1
"May";"7 ";"agent-Standard-PC-Q35-ICH9-2009";"12344";" Invalid user wazuh ";"192.168.1.66";"08";"21";"May 7 ";"192.168.1.87";"08:21";"wazuh ";1
"May";"7 ";"agent-Standard-PC-Q35-ICH9-2009";"12347";" Invalid user wazuh ";"192.168.1.66";"08";"21";"May 7 ";"192.168.1.87";"08:21";"wazuh ";1
"May";"7 ";"agent-Standard-PC-Q35-ICH9-2009";"12349";" Invalid user manager ";"192.168.1.66";"08";"21";"May 7 ";"192.168.1.87";"08:21";"manager ";1
"May";"7 ";"agent-Standard-PC-Q35-ICH9-2009";"12351";" Invalid user manager ";"192.168.1.66";"08";"21";"May 7 ";"192.168.1.87";"08:21";"manager ";1
"May";"7 ";"agent-Standard-PC-Q35-ICH9-2009";"12353";" Invalid user manager ";"192.168.1.66";"08";"21";"May 7 ";"192.168.1.87";"08:21";"manager ";1
"May";"7 ";"agent-Standard-PC-Q35-ICH9-2009";"12355";" Invalid user manager ";"192.168.1.66";"08";"21";"May 7 ";"192.168.1.87";"08:21";"manager ";1
"May";"7 ";"agent-Standard-PC-Q35-ICH9-2009";"12357";" Invalid user manager ";"192.168.1.66";"08";"21";"May 7 ";"192.168.1.87";"08:21";"manager ";1
"May";"7 ";"agent-Standard-PC-Q35-ICH9-2009";"12359";" Invalid user manager ";"192.168.1.66";"08";"21";"May 7 ";"192.168.1.87";"08:21";"manager ";1
"May";"7 ";"agent-Standard-PC-Q35-ICH9-2009";"12361";" Invalid user manager ";"192.168.1.66";"08";"21";"May 7 ";"192.168.1.87";"08:21";"manager ";1
"May";"7 ";"agent-Standard-PC-Q35-ICH9-2009";"12335";" Failed password for invalid user wazuh ";"192.168.1.66";"08";"21";"May 7 ";"192.168.1.87";"08:21";"wazuh ";3
"May";"7 ";"agent-Standard-PC-Q35-ICH9-2009";"12363";" Invalid user manager ";"192.168.1.66";"08";"21";"May 7 ";"192.168.1.87";"08:21";"manager ";1
"May";"7 ";"agent-Standard-PC-Q35-ICH9-2009";"12333";" Failed password for invalid user wazuh ";"192.168.1.66";"08";"21";"May 7 ";"192.168.1.87";"08:21";"wazuh ";3
"May";"7 ";"agent-Standard-PC-Q35-ICH9-2009";"12338";" Failed password for invalid user wazuh ";"192.168.1.66";"08";"21";"May 7 ";"192.168.1.87";"08:21";"wazuh ";3
"May";"7 ";"agent-Standard-PC-Q35-ICH9-2009";"12337";" Failed password for invalid user wazuh ";"192.168.1.66";"08";"21";"May 7 ";"192.168.1.87";"08:21";"wazuh ";3
"May";"7 ";"agent-Standard-PC-Q35-ICH9-2009";"12341";" Failed password for invalid user wazuh ";"192.168.1.66";"08";"21";"May 7 ";"192.168.1.87";"08:21";"wazuh ";3
"May";"7 ";"agent-Standard-PC-Q35-ICH9-2009";"12343";" Failed password for invalid user wazuh ";"192.168.1.66";"08";"21";"May 7 ";"192.168.1.87";"08:21";"wazuh ";3
"May";"7 ";"agent-Standard-PC-Q35-ICH9-2009";"12344";" Failed password for invalid user wazuh ";"192.168.1.66";"08";"21";"May 7 ";"192.168.1.87";"08:21";"wazuh ";3
"May";"7 ";"agent-Standard-PC-Q35-ICH9-2009";"12347";" Failed password for invalid user wazuh ";"192.168.1.66";"08";"21";"May 7 ";"192.168.1.87";"08:21";"wazuh ";3
"May";"7 ";"agent-Standard-PC-Q35-ICH9-2009";"12349";" Failed password for invalid user manager ";"192.168.1.66";"08";"21";"May 7 ";"192.168.1.87";"08:21";"manager ";3
"May";"7 ";"agent-Standard-PC-Q35-ICH9-2009";"12351";" Failed password for invalid user manager ";"192.168.1.66";"08";"21";"May 7 ";"192.168.1.87";"08:21";"manager ";3
"May";"7 ";"agent-Standard-PC-Q35-ICH9-2009";"12353";" Failed password for invalid user manager ";"192.168.1.66";"08";"21";"May 7 ";"192.168.1.87";"08:21";"manager ";3
"May";"7 ";"agent-Standard-PC-Q35-ICH9-2009";"12355";" Failed password for invalid user manager ";"192.168.1.66";"08";"21";"May 7 ";"192.168.1.87";"08:21";"manager ";3
"May";"7 ";"agent-Standard-PC-Q35-ICH9-2009";"12357";" Failed password for invalid user manager ";"192.168.1.66";"08";"21";"May 7 ";"192.168.1.87";"08:21";"manager ";3
"May";"7 ";"agent-Standard-PC-Q35-ICH9-2009";"12359";" Failed password for invalid user manager ";"192.168.1.66";"08";"21";"May 7 ";"192.168.1.87";"08:21";"manager ";3
"May";"7 ";"agent-Standard-PC-Q35-ICH9-2009";"12361";" Failed password for invalid user manager ";"192.168.1.66";"08";"21";"May 7 ";"192.168.1.87";"08:21";"manager ";3
"May";"7 ";"agent-Standard-PC-Q35-ICH9-2009";"12381";" Accepted password for agent ";"192.168.1.66";"08";"21";"May 7 ";"192.168.1.87";"08:21";"agent ";0
"May";"7 ";"agent-Standard-PC-Q35-ICH9-2009";"12363";" Failed password for invalid user manager ";"192.168.1.66";"08";"21";"May 7 ";"192.168.1.87";"08:21";"manager ";3
"May";"7 ";"agent-Standard-PC-Q35-ICH9-2009";"12383";" Invalid user ubuntu ";"192.168.1.66";"08";"21";"May 7 ";"192.168.1.87";"08:21";"ubuntu ";1
"May";"7 ";"agent-Standard-PC-Q35-ICH9-2009";"12385";" Invalid user ubuntu ";"192.168.1.66";"08";"21";"May 7 ";"192.168.1.87";"08:21";"ubuntu ";1
"May";"7 ";"agent-Standard-PC-Q35-ICH9-2009";"12349";" Failed password for invalid user manager ";"192.168.1.66";"08";"21";"May 7 ";"192.168.1.87";"08:21";"manager ";3
"May";"7 ";"agent-Standard-PC-Q35-ICH9-2009";"12351";" Failed password for invalid user manager ";"192.168.1.66";"08";"21";"May 7 ";"192.168.1.87";"08:21";"manager ";3
"May";"7 ";"agent-Standard-PC-Q35-ICH9-2009";"12365";" Failed password for agent ";"192.168.1.66";"08";"21";"May 7 ";"192.168.1.87";"08:21";"agent ";2
"May";"7 ";"agent-Standard-PC-Q35-ICH9-2009";"12367";" Failed password for agent ";"192.168.1.66";"08";"21";"May 7 ";"192.168.1.87";"08:21";"agent ";2
"May";"7 ";"agent-Standard-PC-Q35-ICH9-2009";"12370";" Failed password for agent ";"192.168.1.66";"08";"21";"May 7 ";"192.168.1.87";"08:21";"agent ";2
"May";"7 ";"agent-Standard-PC-Q35-ICH9-2009";"12369";" Failed password for agent ";"192.168.1.66";"08";"21";"May 7 ";"192.168.1.87";"08:21";"agent ";2
"May";"7 ";"agent-Standard-PC-Q35-ICH9-2009";"12373";" Failed password for agent ";"192.168.1.66";"08";"21";"May 7 ";"192.168.1.87";"08:21";"agent ";2
"May";"7 ";"agent-Standard-PC-Q35-ICH9-2009";"12375";" Failed password for agent ";"192.168.1.66";"08";"21";"May 7 ";"192.168.1.87";"08:21";"agent ";2
"May";"7 ";"agent-Standard-PC-Q35-ICH9-2009";"12377";" Failed password for agent ";"192.168.1.66";"08";"21";"May 7 ";"192.168.1.87";"08:21";"agent ";2
"May";"7 ";"agent-Standard-PC-Q35-ICH9-2009";"12379";" Failed password for agent ";"192.168.1.66";"08";"21";"May 7 ";"192.168.1.87";"08:21";"agent ";2
"May";"7 ";"agent-Standard-PC-Q35-ICH9-2009";"12383";" Failed password for invalid user ubuntu ";"192.168.1.66";"08";"21";"May 7 ";"192.168.1.87";"08:21";"ubuntu ";3
"May";"7 ";"agent-Standard-PC-Q35-ICH9-2009";"12385";" Failed password for invalid user ubuntu ";"192.168.1.66";"08";"21";"May 7 ";"192.168.1.87";"08:21";"ubuntu ";3
"May";"7 ";"agent-Standard-PC-Q35-ICH9-2009";"20023";" Accepted password for agent ";"192.168.1.67";"19";"22";"May 7 ";"192.168.1.87";"19:22";"agent ";0
"May";"7 ";"agent-Standard-PC-Q35-ICH9-2009";"20107";" Accepted password for agent ";"192.168.1.67";"19";"22";"May 7 ";"192.168.1.87";"19:22";"agent ";0
"May";"7 ";"agent-Standard-PC-Q35-ICH9-2009";"20171";" Accepted password for agent ";"192.168.1.67";"19";"23";"May 7 ";"192.168.1.87";"19:23";"agent ";0
"May";"7 ";"agent-Standard-PC-Q35-ICH9-2009";"20234";" Failed password for agent ";"192.168.1.67";"19";"23";"May 7 ";"192.168.1.87";"19:23";"agent ";2
"May";"7 ";"agent-Standard-PC-Q35-ICH9-2009";"20236";" Accepted password for agent ";"192.168.1.67";"19";"24";"May 7 ";"192.168.1.87";"19:24";"agent ";0
"May";"7 ";"agent-Standard-PC-Q35-ICH9-2009";"20314";" Accepted password for agent ";"192.168.1.67";"19";"28";"May 7 ";"192.168.1.87";"19:28";"agent ";0
"May";"7 ";"agent-Standard-PC-Q35-ICH9-2009";"20426";" Accepted password for agent ";"192.168.1.67";"19";"29";"May 7 ";"192.168.1.87";"19:29";"agent ";0
"May";"7 ";"agent-Standard-PC-Q35-ICH9-2009";"20633";" Accepted password for agent ";"192.168.1.67";"19";"32";"May 7 ";"192.168.1.87";"19:32";"agent ";0
"May";"7 ";"agent-Standard-PC-Q35-ICH9-2009";"21968";" Accepted password for agent ";"192.168.1.67";"19";"58";"May 7 ";"192.168.1.87";"19:58";"agent ";0
"May";"7 ";"agent-Standard-PC-Q35-ICH9-2009";"22315";" Accepted password for agent ";"192.168.1.67";"20";"09";"May 7 ";"192.168.1.87";"20:09";"agent ";0
"May";"7 ";"agent-Standard-PC-Q35-ICH9-2009";"22372";" Accepted password for agent ";"192.168.1.67";"20";"10";"May 7 ";"192.168.1.87";"20:10";"agent ";0
"May";"7 ";"agent-Standard-PC-Q35-ICH9-2009";"22459";" Accepted password for agent ";"192.168.1.67";"20";"12";"May 7 ";"192.168.1.87";"20:12";"agent ";0
"May";"7 ";"agent-Standard-PC-Q35-ICH9-2009";"22520";" Accepted password for agent ";"192.168.1.67";"20";"12";"May 7 ";"192.168.1.87";"20:12";"agent ";0
"May";"7 ";"agent-Standard-PC-Q35-ICH9-2009";"22652";" Accepted password for agent ";"192.168.1.67";"20";"18";"May 7 ";"192.168.1.87";"20:18";"agent ";0
"May";"7 ";"agent-Standard-PC-Q35-ICH9-2009";"22717";" Accepted password for agent ";"192.168.1.67";"20";"18";"May 7 ";"192.168.1.87";"20:18";"agent ";0
"May";"7 ";"agent-Standard-PC-Q35-ICH9-2009";"22780";" Accepted password for agent ";"192.168.1.67";"20";"20";"May 7 ";"192.168.1.87";"20:20";"agent ";0
"May";"7 ";"agent-Standard-PC-Q35-ICH9-2009";"22843";" Accepted password for agent ";"192.168.1.67";"20";"20";"May 7 ";"192.168.1.87";"20:20";"agent ";0
"May";"7 ";"agent-Standard-PC-Q35-ICH9-2009";"22953";" Accepted password for agent ";"192.168.1.67";"20";"22";"May 7 ";"192.168.1.87";"20:22";"agent ";0
"May";"7 ";"agent-Standard-PC-Q35-ICH9-2009";"23057";" Accepted password for agent ";"192.168.1.67";"20";"22";"May 7 ";"192.168.1.87";"20:22";"agent ";0
"May";"7 ";"agent-Standard-PC-Q35-ICH9-2009";"23148";" Accepted password for agent ";"192.168.1.67";"20";"23";"May 7 ";"192.168.1.87";"20:23";"agent ";0
"May";"7 ";"agent-Standard-PC-Q35-ICH9-2009";"23210";" Accepted password for agent ";"192.168.1.67";"20";"24";"May 7 ";"192.168.1.87";"20:24";"agent ";0
"May";"7 ";"agent-Standard-PC-Q35-ICH9-2009";"23277";" Accepted password for agent ";"192.168.1.67";"20";"25";"May 7 ";"192.168.1.87";"20:25";"agent ";0
"May";"7 ";"agent-Standard-PC-Q35-ICH9-2009";"23399";" Accepted password for agent ";"192.168.1.67";"20";"27";"May 7 ";"192.168.1.87";"20:27";"agent ";0
"May";"7 ";"agent-Standard-PC-Q35-ICH9-2009";"23465";" Accepted password for agent ";"192.168.1.67";"20";"29";"May 7 ";"192.168.1.87";"20:29";"agent ";0
"May";"7 ";"agent-Standard-PC-Q35-ICH9-2009";"23742";" Accepted password for agent ";"192.168.1.67";"20";"58";"May 7 ";"192.168.1.87";"20:58";"agent ";0
"May";"7 ";"agent-Standard-PC-Q35-ICH9-2009";"23814";" Accepted password for agent ";"192.168.1.67";"20";"59";"May 7 ";"192.168.1.87";"20:59";"agent ";0
"May";"7 ";"agent-Standard-PC-Q35-ICH9-2009";"23937";" Accepted password for agent ";"192.168.1.67";"21";"01";"May 7 ";"192.168.1.87";"21:01";"agent ";0
"May";"7 ";"agent-Standard-PC-Q35-ICH9-2009";"24034";" Accepted password for agent ";"192.168.1.67";"21";"03";"May 7 ";"192.168.1.87";"21:03";"agent ";0
"May";"7 ";"agent-Standard-PC-Q35-ICH9-2009";"24108";" Accepted password for agent ";"192.168.1.67";"21";"03";"May 7 ";"192.168.1.87";"21:03";"agent ";0
"May";"7 ";"agent-Standard-PC-Q35-ICH9-2009";"24172";" Accepted password for agent ";"192.168.1.67";"21";"05";"May 7 ";"192.168.1.87";"21:05";"agent ";0
"May";"7 ";"agent-Standard-PC-Q35-ICH9-2009";"24241";" Accepted password for agent ";"192.168.1.67";"21";"06";"May 7 ";"192.168.1.87";"21:06";"agent ";0
"May";"7 ";"agent-Standard-PC-Q35-ICH9-2009";"24304";" Accepted password for agent ";"192.168.1.67";"21";"07";"May 7 ";"192.168.1.87";"21:07";"agent ";0
"May";"7 ";"agent-Standard-PC-Q35-ICH9-2009";"24487";" Accepted password for agent ";"192.168.1.67";"21";"09";"May 7 ";"192.168.1.87";"21:09";"agent ";0
"May";"7 ";"agent-Standard-PC-Q35-ICH9-2009";"24598";" Accepted password for agent ";"192.168.1.67";"21";"12";"May 7 ";"192.168.1.87";"21:12";"agent ";0
"May";"7 ";"agent-Standard-PC-Q35-ICH9-2009";"24661";" Accepted password for agent ";"192.168.1.67";"21";"13";"May 7 ";"192.168.1.87";"21:13";"agent ";0
"May";"7 ";"agent-Standard-PC-Q35-ICH9-2009";"24779";" Accepted password for agent ";"192.168.1.67";"21";"18";"May 7 ";"192.168.1.87";"21:18";"agent ";0
"May";"7 ";"agent-Standard-PC-Q35-ICH9-2009";"24844";" Accepted password for agent ";"192.168.1.67";"21";"19";"May 7 ";"192.168.1.87";"21:19";"agent ";0
"May";"7 ";"agent-Standard-PC-Q35-ICH9-2009";"24906";" Accepted password for agent ";"192.168.1.67";"21";"19";"May 7 ";"192.168.1.87";"21:19";"agent ";0
"May";"7 ";"agent-Standard-PC-Q35-ICH9-2009";"24969";" Accepted password for agent ";"192.168.1.67";"21";"20";"May 7 ";"192.168.1.87";"21:20";"agent ";0
"May";"7 ";"agent-Standard-PC-Q35-ICH9-2009";"25032";" Accepted password for agent ";"192.168.1.67";"21";"20";"May 7 ";"192.168.1.87";"21:20";"agent ";0
"May";"7 ";"agent-Standard-PC-Q35-ICH9-2009";"25127";" Accepted password for agent ";"192.168.1.67";"21";"22";"May 7 ";"192.168.1.87";"21:22";"agent ";0
"May";"7 ";"agent-Standard-PC-Q35-ICH9-2009";"25192";" Accepted password for agent ";"192.168.1.67";"21";"23";"May 7 ";"192.168.1.87";"21:23";"agent ";0
"May";"7 ";"agent-Standard-PC-Q35-ICH9-2009";"25275";" Accepted password for agent ";"192.168.1.67";"21";"23";"May 7 ";"192.168.1.87";"21:23";"agent ";0
"May";"7 ";"agent-Standard-PC-Q35-ICH9-2009";"25339";" Accepted password for agent ";"192.168.1.67";"21";"24";"May 7 ";"192.168.1.87";"21:24";"agent ";0
"May";"7 ";"agent-Standard-PC-Q35-ICH9-2009";"25402";" Accepted password for agent ";"192.168.1.67";"21";"24";"May 7 ";"192.168.1.87";"21:24";"agent ";0
"May";"7 ";"agent-Standard-PC-Q35-ICH9-2009";"25467";" Accepted password for agent ";"192.168.1.67";"21";"26";"May 7 ";"192.168.1.87";"21:26";"agent ";0
"May";"7 ";"agent-Standard-PC-Q35-ICH9-2009";"25533";" Accepted password for agent ";"192.168.1.67";"21";"27";"May 7 ";"192.168.1.87";"21:27";"agent ";0
"May";"8 ";"agent-Standard-PC-Q35-ICH9-2009";"5471";" Invalid user user ";"192.168.1.68";"16";"15";"May 8 ";"192.168.1.87";"16:15";"user ";1
"May";"8 ";"agent-Standard-PC-Q35-ICH9-2009";"5480";" Invalid user ubuntu ";"192.168.1.68";"16";"15";"May 8 ";"192.168.1.87";"16:15";"ubuntu ";1
"May";"8 ";"agent-Standard-PC-Q35-ICH9-2009";"5486";" Invalid user user ";"192.168.1.68";"16";"15";"May 8 ";"192.168.1.87";"16:15";"user ";1
"May";"8 ";"agent-Standard-PC-Q35-ICH9-2009";"5479";" Invalid user ubuntu ";"192.168.1.68";"16";"15";"May 8 ";"192.168.1.87";"16:15";"ubuntu ";1
"May";"8 ";"agent-Standard-PC-Q35-ICH9-2009";"5481";" Invalid user ubuntu ";"192.168.1.68";"16";"15";"May 8 ";"192.168.1.87";"16:15";"ubuntu ";1
"May";"8 ";"agent-Standard-PC-Q35-ICH9-2009";"5487";" Invalid user user ";"192.168.1.68";"16";"15";"May 8 ";"192.168.1.87";"16:15";"user ";1
"May";"8 ";"agent-Standard-PC-Q35-ICH9-2009";"5476";" Invalid user user ";"192.168.1.68";"16";"15";"May 8 ";"192.168.1.87";"16:15";"user ";1
"May";"8 ";"agent-Standard-PC-Q35-ICH9-2009";"5484";" Invalid user ubuntu ";"192.168.1.68";"16";"15";"May 8 ";"192.168.1.87";"16:15";"ubuntu ";1
"May";"8 ";"agent-Standard-PC-Q35-ICH9-2009";"5485";" Invalid user user ";"192.168.1.68";"16";"15";"May 8 ";"192.168.1.87";"16:15";"user ";1
"May";"8 ";"agent-Standard-PC-Q35-ICH9-2009";"5478";" Invalid user user ";"192.168.1.68";"16";"15";"May 8 ";"192.168.1.87";"16:15";"user ";1
"May";"8 ";"agent-Standard-PC-Q35-ICH9-2009";"5475";" Invalid user user ";"192.168.1.68";"16";"15";"May 8 ";"192.168.1.87";"16:15";"user ";1
"May";"8 ";"agent-Standard-PC-Q35-ICH9-2009";"5483";" Invalid user ubuntu ";"192.168.1.68";"16";"15";"May 8 ";"192.168.1.87";"16:15";"ubuntu ";1
"May";"8 ";"agent-Standard-PC-Q35-ICH9-2009";"5482";" Invalid user user ";"192.168.1.68";"16";"15";"May 8 ";"192.168.1.87";"16:15";"user ";1
"May";"8 ";"agent-Standard-PC-Q35-ICH9-2009";"5474";" Invalid user user ";"192.168.1.68";"16";"15";"May 8 ";"192.168.1.87";"16:15";"user ";1
"May";"8 ";"agent-Standard-PC-Q35-ICH9-2009";"5477";" Invalid user user ";"192.168.1.68";"16";"15";"May 8 ";"192.168.1.87";"16:15";"user ";1
"May";"8 ";"agent-Standard-PC-Q35-ICH9-2009";"5473";" Invalid user ubuntu ";"192.168.1.68";"16";"15";"May 8 ";"192.168.1.87";"16:15";"ubuntu ";1
"May";"8 ";"agent-Standard-PC-Q35-ICH9-2009";"5503";" Invalid user ubuntu ";"192.168.1.68";"16";"15";"May 8 ";"192.168.1.87";"16:15";"ubuntu ";1
"May";"8 ";"agent-Standard-PC-Q35-ICH9-2009";"5480";" Failed password for invalid user ubuntu ";"192.168.1.68";"16";"16";"May 8 ";"192.168.1.87";"16:16";"ubuntu ";3
"May";"8 ";"agent-Standard-PC-Q35-ICH9-2009";"5479";" Failed password for invalid user ubuntu ";"192.168.1.68";"16";"16";"May 8 ";"192.168.1.87";"16:16";"ubuntu ";3
"May";"8 ";"agent-Standard-PC-Q35-ICH9-2009";"5486";" Failed password for invalid user user ";"192.168.1.68";"16";"16";"May 8 ";"192.168.1.87";"16:16";"user ";3
"May";"8 ";"agent-Standard-PC-Q35-ICH9-2009";"5481";" Failed password for invalid user ubuntu ";"192.168.1.68";"16";"16";"May 8 ";"192.168.1.87";"16:16";"ubuntu ";3
"May";"8 ";"agent-Standard-PC-Q35-ICH9-2009";"5476";" Failed password for invalid user user ";"192.168.1.68";"16";"16";"May 8 ";"192.168.1.87";"16:16";"user ";3
"May";"8 ";"agent-Standard-PC-Q35-ICH9-2009";"5484";" Failed password for invalid user ubuntu ";"192.168.1.68";"16";"16";"May 8 ";"192.168.1.87";"16:16";"ubuntu ";3
"May";"8 ";"agent-Standard-PC-Q35-ICH9-2009";"5487";" Failed password for invalid user user ";"192.168.1.68";"16";"16";"May 8 ";"192.168.1.87";"16:16";"user ";3
"May";"8 ";"agent-Standard-PC-Q35-ICH9-2009";"5485";" Failed password for invalid user user ";"192.168.1.68";"16";"16";"May 8 ";"192.168.1.87";"16:16";"user ";3
"May";"8 ";"agent-Standard-PC-Q35-ICH9-2009";"5478";" Failed password for invalid user user ";"192.168.1.68";"16";"16";"May 8 ";"192.168.1.87";"16:16";"user ";3
"May";"8 ";"agent-Standard-PC-Q35-ICH9-2009";"5475";" Failed password for invalid user user ";"192.168.1.68";"16";"16";"May 8 ";"192.168.1.87";"16:16";"user ";3
"May";"8 ";"agent-Standard-PC-Q35-ICH9-2009";"5483";" Failed password for invalid user ubuntu ";"192.168.1.68";"16";"16";"May 8 ";"192.168.1.87";"16:16";"ubuntu ";3
"May";"8 ";"agent-Standard-PC-Q35-ICH9-2009";"5474";" Failed password for invalid user user ";"192.168.1.68";"16";"16";"May 8 ";"192.168.1.87";"16:16";"user ";3
"May";"8 ";"agent-Standard-PC-Q35-ICH9-2009";"5482";" Failed password for invalid user user ";"192.168.1.68";"16";"16";"May 8 ";"192.168.1.87";"16:16";"user ";3
"May";"8 ";"agent-Standard-PC-Q35-ICH9-2009";"5477";" Failed password for invalid user user ";"192.168.1.68";"16";"16";"May 8 ";"192.168.1.87";"16:16";"user ";3
"May";"8 ";"agent-Standard-PC-Q35-ICH9-2009";"5473";" Failed password for invalid user ubuntu ";"192.168.1.68";"16";"16";"May 8 ";"192.168.1.87";"16:16";"ubuntu ";3
"May";"8 ";"agent-Standard-PC-Q35-ICH9-2009";"5503";" Failed password for invalid user ubuntu ";"192.168.1.68";"16";"16";"May 8 ";"192.168.1.87";"16:16";"ubuntu ";3
"May";"8 ";"agent-Standard-PC-Q35-ICH9-2009";"5505";" Invalid user ubuntu ";"192.168.1.68";"16";"16";"May 8 ";"192.168.1.87";"16:16";"ubuntu ";1
"May";"8 ";"agent-Standard-PC-Q35-ICH9-2009";"5507";" Invalid user ubuntu ";"192.168.1.68";"16";"16";"May 8 ";"192.168.1.87";"16:16";"ubuntu ";1
"May";"8 ";"agent-Standard-PC-Q35-ICH9-2009";"5509";" Invalid user linux ";"192.168.1.68";"16";"16";"May 8 ";"192.168.1.87";"16:16";"linux ";1
"May";"8 ";"agent-Standard-PC-Q35-ICH9-2009";"5514";" Invalid user linux ";"192.168.1.68";"16";"16";"May 8 ";"192.168.1.87";"16:16";"linux ";1
"May";"8 ";"agent-Standard-PC-Q35-ICH9-2009";"5512";" Invalid user linux ";"192.168.1.68";"16";"16";"May 8 ";"192.168.1.87";"16:16";"linux ";1
"May";"8 ";"agent-Standard-PC-Q35-ICH9-2009";"5513";" Invalid user linux ";"192.168.1.68";"16";"16";"May 8 ";"192.168.1.87";"16:16";"linux ";1
"May";"8 ";"agent-Standard-PC-Q35-ICH9-2009";"5516";" Invalid user linux ";"192.168.1.68";"16";"16";"May 8 ";"192.168.1.87";"16:16";"linux ";1
"May";"8 ";"agent-Standard-PC-Q35-ICH9-2009";"5511";" Invalid user linux ";"192.168.1.68";"16";"16";"May 8 ";"192.168.1.87";"16:16";"linux ";1
"May";"8 ";"agent-Standard-PC-Q35-ICH9-2009";"5522";" Invalid user linux ";"192.168.1.68";"16";"16";"May 8 ";"192.168.1.87";"16:16";"linux ";1
"May";"8 ";"agent-Standard-PC-Q35-ICH9-2009";"5523";" Invalid user linux ";"192.168.1.68";"16";"16";"May 8 ";"192.168.1.87";"16:16";"linux ";1
"May";"8 ";"agent-Standard-PC-Q35-ICH9-2009";"5521";" Invalid user linux ";"192.168.1.68";"16";"16";"May 8 ";"192.168.1.87";"16:16";"linux ";1
"May";"8 ";"agent-Standard-PC-Q35-ICH9-2009";"5524";" Invalid user linux ";"192.168.1.68";"16";"16";"May 8 ";"192.168.1.87";"16:16";"linux ";1
"May";"8 ";"agent-Standard-PC-Q35-ICH9-2009";"5505";" Failed password for invalid user ubuntu ";"192.168.1.68";"16";"16";"May 8 ";"192.168.1.87";"16:16";"ubuntu ";3
"May";"8 ";"agent-Standard-PC-Q35-ICH9-2009";"5507";" Failed password for invalid user ubuntu ";"192.168.1.68";"16";"16";"May 8 ";"192.168.1.87";"16:16";"ubuntu ";3
"May";"8 ";"agent-Standard-PC-Q35-ICH9-2009";"5509";" Failed password for invalid user linux ";"192.168.1.68";"16";"16";"May 8 ";"192.168.1.87";"16:16";"linux ";3
"May";"8 ";"agent-Standard-PC-Q35-ICH9-2009";"5514";" Failed password for invalid user linux ";"192.168.1.68";"16";"16";"May 8 ";"192.168.1.87";"16:16";"linux ";3
"May";"8 ";"agent-Standard-PC-Q35-ICH9-2009";"5512";" Failed password for invalid user linux ";"192.168.1.68";"16";"16";"May 8 ";"192.168.1.87";"16:16";"linux ";3
"May";"8 ";"agent-Standard-PC-Q35-ICH9-2009";"5513";" Failed password for invalid user linux ";"192.168.1.68";"16";"16";"May 8 ";"192.168.1.87";"16:16";"linux ";3
"May";"8 ";"agent-Standard-PC-Q35-ICH9-2009";"5516";" Failed password for invalid user linux ";"192.168.1.68";"16";"16";"May 8 ";"192.168.1.87";"16:16";"linux ";3
"May";"8 ";"agent-Standard-PC-Q35-ICH9-2009";"5511";" Failed password for invalid user linux ";"192.168.1.68";"16";"16";"May 8 ";"192.168.1.87";"16:16";"linux ";3
"May";"8 ";"agent-Standard-PC-Q35-ICH9-2009";"5522";" Failed password for invalid user linux ";"192.168.1.68";"16";"16";"May 8 ";"192.168.1.87";"16:16";"linux ";3
"May";"8 ";"agent-Standard-PC-Q35-ICH9-2009";"5523";" Failed password for invalid user linux ";"192.168.1.68";"16";"16";"May 8 ";"192.168.1.87";"16:16";"linux ";3
"May";"8 ";"agent-Standard-PC-Q35-ICH9-2009";"5521";" Failed password for invalid user linux ";"192.168.1.68";"16";"16";"May 8 ";"192.168.1.87";"16:16";"linux ";3
"May";"8 ";"agent-Standard-PC-Q35-ICH9-2009";"5524";" Failed password for invalid user linux ";"192.168.1.68";"16";"16";"May 8 ";"192.168.1.87";"16:16";"linux ";3
"May";"8 ";"agent-Standard-PC-Q35-ICH9-2009";"5529";" Failed password for root ";"192.168.1.68";"16";"16";"May 8 ";"192.168.1.87";"16:16";"root ";2
"May";"8 ";"agent-Standard-PC-Q35-ICH9-2009";"5531";" Failed password for root ";"192.168.1.68";"16";"16";"May 8 ";"192.168.1.87";"16:16";"root ";2
"May";"8 ";"agent-Standard-PC-Q35-ICH9-2009";"5533";" Failed password for root ";"192.168.1.68";"16";"16";"May 8 ";"192.168.1.87";"16:16";"root ";2
"May";"8 ";"agent-Standard-PC-Q35-ICH9-2009";"5548";" Invalid user username ";"192.168.1.68";"16";"16";"May 8 ";"192.168.1.87";"16:16";"username ";1
"May";"8 ";"agent-Standard-PC-Q35-ICH9-2009";"5554";" Invalid user username ";"192.168.1.68";"16";"16";"May 8 ";"192.168.1.87";"16:16";"username ";1
"May";"8 ";"agent-Standard-PC-Q35-ICH9-2009";"5551";" Invalid user username ";"192.168.1.68";"16";"16";"May 8 ";"192.168.1.87";"16:16";"username ";1
"May";"8 ";"agent-Standard-PC-Q35-ICH9-2009";"5553";" Invalid user username ";"192.168.1.68";"16";"16";"May 8 ";"192.168.1.87";"16:16";"username ";1
"May";"8 ";"agent-Standard-PC-Q35-ICH9-2009";"5557";" Invalid user username ";"192.168.1.68";"16";"16";"May 8 ";"192.168.1.87";"16:16";"username ";1
"May";"8 ";"agent-Standard-PC-Q35-ICH9-2009";"5552";" Invalid user username ";"192.168.1.68";"16";"16";"May 8 ";"192.168.1.87";"16:16";"username ";1
"May";"8 ";"agent-Standard-PC-Q35-ICH9-2009";"5535";" Failed password for root ";"192.168.1.68";"16";"16";"May 8 ";"192.168.1.87";"16:16";"root ";2
"May";"8 ";"agent-Standard-PC-Q35-ICH9-2009";"5561";" Invalid user username ";"192.168.1.68";"16";"16";"May 8 ";"192.168.1.87";"16:16";"username ";1
"May";"8 ";"agent-Standard-PC-Q35-ICH9-2009";"5563";" Invalid user username ";"192.168.1.68";"16";"16";"May 8 ";"192.168.1.87";"16:16";"username ";1
"May";"8 ";"agent-Standard-PC-Q35-ICH9-2009";"5565";" Invalid user username ";"192.168.1.68";"16";"16";"May 8 ";"192.168.1.87";"16:16";"username ";1
"May";"8 ";"agent-Standard-PC-Q35-ICH9-2009";"5566";" Invalid user username ";"192.168.1.68";"16";"16";"May 8 ";"192.168.1.87";"16:16";"username ";1
"May";"8 ";"agent-Standard-PC-Q35-ICH9-2009";"5537";" Failed password for root ";"192.168.1.68";"16";"16";"May 8 ";"192.168.1.87";"16:16";"root ";2
"May";"8 ";"agent-Standard-PC-Q35-ICH9-2009";"5539";" Failed password for root ";"192.168.1.68";"16";"16";"May 8 ";"192.168.1.87";"16:16";"root ";2
"May";"8 ";"agent-Standard-PC-Q35-ICH9-2009";"5541";" Failed password for root ";"192.168.1.68";"16";"16";"May 8 ";"192.168.1.87";"16:16";"root ";2
"May";"8 ";"agent-Standard-PC-Q35-ICH9-2009";"5543";" Failed password for root ";"192.168.1.68";"16";"16";"May 8 ";"192.168.1.87";"16:16";"root ";2
"May";"8 ";"agent-Standard-PC-Q35-ICH9-2009";"5545";" Failed password for root ";"192.168.1.68";"16";"16";"May 8 ";"192.168.1.87";"16:16";"root ";2
"May";"8 ";"agent-Standard-PC-Q35-ICH9-2009";"5548";" Failed password for invalid user username ";"192.168.1.68";"16";"16";"May 8 ";"192.168.1.87";"16:16";"username ";3
"May";"8 ";"agent-Standard-PC-Q35-ICH9-2009";"5546";" Failed password for root ";"192.168.1.68";"16";"16";"May 8 ";"192.168.1.87";"16:16";"root ";2
"May";"8 ";"agent-Standard-PC-Q35-ICH9-2009";"5554";" Failed password for invalid user username ";"192.168.1.68";"16";"16";"May 8 ";"192.168.1.87";"16:16";"username ";3
"May";"8 ";"agent-Standard-PC-Q35-ICH9-2009";"5551";" Failed password for invalid user username ";"192.168.1.68";"16";"16";"May 8 ";"192.168.1.87";"16:16";"username ";3
"May";"8 ";"agent-Standard-PC-Q35-ICH9-2009";"5557";" Failed password for invalid user username ";"192.168.1.68";"16";"16";"May 8 ";"192.168.1.87";"16:16";"username ";3
"May";"8 ";"agent-Standard-PC-Q35-ICH9-2009";"5553";" Failed password for invalid user username ";"192.168.1.68";"16";"16";"May 8 ";"192.168.1.87";"16:16";"username ";3
"May";"8 ";"agent-Standard-PC-Q35-ICH9-2009";"5552";" Failed password for invalid user username ";"192.168.1.68";"16";"16";"May 8 ";"192.168.1.87";"16:16";"username ";3
"May";"8 ";"agent-Standard-PC-Q35-ICH9-2009";"5563";" Failed password for invalid user username ";"192.168.1.68";"16";"16";"May 8 ";"192.168.1.87";"16:16";"username ";3
"May";"8 ";"agent-Standard-PC-Q35-ICH9-2009";"5561";" Failed password for invalid user username ";"192.168.1.68";"16";"16";"May 8 ";"192.168.1.87";"16:16";"username ";3
"May";"8 ";"agent-Standard-PC-Q35-ICH9-2009";"5569";" Invalid user username ";"192.168.1.68";"16";"16";"May 8 ";"192.168.1.87";"16:16";"username ";1
"May";"8 ";"agent-Standard-PC-Q35-ICH9-2009";"5565";" Failed password for invalid user username ";"192.168.1.68";"16";"16";"May 8 ";"192.168.1.87";"16:16";"username ";3
"May";"8 ";"agent-Standard-PC-Q35-ICH9-2009";"5571";" Invalid user default ";"192.168.1.68";"16";"16";"May 8 ";"192.168.1.87";"16:16";"default ";1
"May";"8 ";"agent-Standard-PC-Q35-ICH9-2009";"5566";" Failed password for invalid user username ";"192.168.1.68";"16";"16";"May 8 ";"192.168.1.87";"16:16";"username ";3
"May";"8 ";"agent-Standard-PC-Q35-ICH9-2009";"5573";" Invalid user default ";"192.168.1.68";"16";"16";"May 8 ";"192.168.1.87";"16:16";"default ";1
"May";"8 ";"agent-Standard-PC-Q35-ICH9-2009";"5575";" Invalid user default ";"192.168.1.68";"16";"16";"May 8 ";"192.168.1.87";"16:16";"default ";1
"May";"8 ";"agent-Standard-PC-Q35-ICH9-2009";"5576";" Invalid user default ";"192.168.1.68";"16";"16";"May 8 ";"192.168.1.87";"16:16";"default ";1
"May";"8 ";"agent-Standard-PC-Q35-ICH9-2009";"5580";" Invalid user default ";"192.168.1.68";"16";"16";"May 8 ";"192.168.1.87";"16:16";"default ";1
"May";"8 ";"agent-Standard-PC-Q35-ICH9-2009";"5579";" Invalid user default ";"192.168.1.68";"16";"16";"May 8 ";"192.168.1.87";"16:16";"default ";1
"May";"8 ";"agent-Standard-PC-Q35-ICH9-2009";"5582";" Invalid user default ";"192.168.1.68";"16";"16";"May 8 ";"192.168.1.87";"16:16";"default ";1
"May";"8 ";"agent-Standard-PC-Q35-ICH9-2009";"5585";" Invalid user default ";"192.168.1.68";"16";"16";"May 8 ";"192.168.1.87";"16:16";"default ";1
"May";"8 ";"agent-Standard-PC-Q35-ICH9-2009";"5587";" Invalid user default ";"192.168.1.68";"16";"16";"May 8 ";"192.168.1.87";"16:16";"default ";1
"May";"8 ";"agent-Standard-PC-Q35-ICH9-2009";"5590";" Invalid user login ";"192.168.1.68";"16";"16";"May 8 ";"192.168.1.87";"16:16";"login ";1
"May";"8 ";"agent-Standard-PC-Q35-ICH9-2009";"5589";" Invalid user login ";"192.168.1.68";"16";"16";"May 8 ";"192.168.1.87";"16:16";"login ";1
"May";"8 ";"agent-Standard-PC-Q35-ICH9-2009";"5592";" Invalid user login ";"192.168.1.68";"16";"16";"May 8 ";"192.168.1.87";"16:16";"login ";1
"May";"8 ";"agent-Standard-PC-Q35-ICH9-2009";"5597";" Invalid user login ";"192.168.1.68";"16";"16";"May 8 ";"192.168.1.87";"16:16";"login ";1
"May";"8 ";"agent-Standard-PC-Q35-ICH9-2009";"5595";" Invalid user login ";"192.168.1.68";"16";"16";"May 8 ";"192.168.1.87";"16:16";"login ";1
"May";"8 ";"agent-Standard-PC-Q35-ICH9-2009";"5599";" Invalid user login ";"192.168.1.68";"16";"16";"May 8 ";"192.168.1.87";"16:16";"login ";1
"May";"8 ";"agent-Standard-PC-Q35-ICH9-2009";"5569";" Failed password for invalid user username ";"192.168.1.68";"16";"16";"May 8 ";"192.168.1.87";"16:16";"username ";3
"May";"8 ";"agent-Standard-PC-Q35-ICH9-2009";"5571";" Failed password for invalid user default ";"192.168.1.68";"16";"16";"May 8 ";"192.168.1.87";"16:16";"default ";3
"May";"8 ";"agent-Standard-PC-Q35-ICH9-2009";"5573";" Failed password for invalid user default ";"192.168.1.68";"16";"16";"May 8 ";"192.168.1.87";"16:16";"default ";3
"May";"8 ";"agent-Standard-PC-Q35-ICH9-2009";"5576";" Failed password for invalid user default ";"192.168.1.68";"16";"16";"May 8 ";"192.168.1.87";"16:16";"default ";3
"May";"8 ";"agent-Standard-PC-Q35-ICH9-2009";"5575";" Failed password for invalid user default ";"192.168.1.68";"16";"16";"May 8 ";"192.168.1.87";"16:16";"default ";3
"May";"8 ";"agent-Standard-PC-Q35-ICH9-2009";"5580";" Failed password for invalid user default ";"192.168.1.68";"16";"16";"May 8 ";"192.168.1.87";"16:16";"default ";3
"May";"8 ";"agent-Standard-PC-Q35-ICH9-2009";"5582";" Failed password for invalid user default ";"192.168.1.68";"16";"16";"May 8 ";"192.168.1.87";"16:16";"default ";3
"May";"8 ";"agent-Standard-PC-Q35-ICH9-2009";"5579";" Failed password for invalid user default ";"192.168.1.68";"16";"16";"May 8 ";"192.168.1.87";"16:16";"default ";3
"May";"8 ";"agent-Standard-PC-Q35-ICH9-2009";"5585";" Failed password for invalid user default ";"192.168.1.68";"16";"16";"May 8 ";"192.168.1.87";"16:16";"default ";3
"May";"8 ";"agent-Standard-PC-Q35-ICH9-2009";"5587";" Failed password for invalid user default ";"192.168.1.68";"16";"16";"May 8 ";"192.168.1.87";"16:16";"default ";3
"May";"8 ";"agent-Standard-PC-Q35-ICH9-2009";"5590";" Failed password for invalid user login ";"192.168.1.68";"16";"16";"May 8 ";"192.168.1.87";"16:16";"login ";3
"May";"8 ";"agent-Standard-PC-Q35-ICH9-2009";"5589";" Failed password for invalid user login ";"192.168.1.68";"16";"16";"May 8 ";"192.168.1.87";"16:16";"login ";3
"May";"8 ";"agent-Standard-PC-Q35-ICH9-2009";"5592";" Failed password for invalid user login ";"192.168.1.68";"16";"16";"May 8 ";"192.168.1.87";"16:16";"login ";3
"May";"8 ";"agent-Standard-PC-Q35-ICH9-2009";"5597";" Failed password for invalid user login ";"192.168.1.68";"16";"16";"May 8 ";"192.168.1.87";"16:16";"login ";3
"May";"8 ";"agent-Standard-PC-Q35-ICH9-2009";"5595";" Failed password for invalid user login ";"192.168.1.68";"16";"16";"May 8 ";"192.168.1.87";"16:16";"login ";3
"May";"8 ";"agent-Standard-PC-Q35-ICH9-2009";"5599";" Failed password for invalid user login ";"192.168.1.68";"16";"16";"May 8 ";"192.168.1.87";"16:16";"login ";3
"May";"8 ";"agent-Standard-PC-Q35-ICH9-2009";"5601";" Invalid user login ";"192.168.1.68";"16";"16";"May 8 ";"192.168.1.87";"16:16";"login ";1
"May";"8 ";"agent-Standard-PC-Q35-ICH9-2009";"5603";" Invalid user login ";"192.168.1.68";"16";"16";"May 8 ";"192.168.1.87";"16:16";"login ";1
"May";"8 ";"agent-Standard-PC-Q35-ICH9-2009";"5604";" Invalid user login ";"192.168.1.68";"16";"16";"May 8 ";"192.168.1.87";"16:16";"login ";1
"May";"8 ";"agent-Standard-PC-Q35-ICH9-2009";"5607";" Invalid user login ";"192.168.1.68";"16";"16";"May 8 ";"192.168.1.87";"16:16";"login ";1
"May";"8 ";"agent-Standard-PC-Q35-ICH9-2009";"5609";" Invalid user login ";"192.168.1.68";"16";"16";"May 8 ";"192.168.1.87";"16:16";"login ";1
"May";"8 ";"agent-Standard-PC-Q35-ICH9-2009";"5611";" Invalid user admin ";"192.168.1.68";"16";"16";"May 8 ";"192.168.1.87";"16:16";"admin ";1
"May";"8 ";"agent-Standard-PC-Q35-ICH9-2009";"5613";" Invalid user admin ";"192.168.1.68";"16";"16";"May 8 ";"192.168.1.87";"16:16";"admin ";1
"May";"8 ";"agent-Standard-PC-Q35-ICH9-2009";"5615";" Invalid user admin ";"192.168.1.68";"16";"16";"May 8 ";"192.168.1.87";"16:16";"admin ";1
"May";"8 ";"agent-Standard-PC-Q35-ICH9-2009";"5621";" Invalid user admin ";"192.168.1.68";"16";"16";"May 8 ";"192.168.1.87";"16:16";"admin ";1
"May";"8 ";"agent-Standard-PC-Q35-ICH9-2009";"5618";" Invalid user admin ";"192.168.1.68";"16";"16";"May 8 ";"192.168.1.87";"16:16";"admin ";1
"May";"8 ";"agent-Standard-PC-Q35-ICH9-2009";"5617";" Invalid user admin ";"192.168.1.68";"16";"16";"May 8 ";"192.168.1.87";"16:16";"admin ";1
"May";"8 ";"agent-Standard-PC-Q35-ICH9-2009";"5623";" Invalid user admin ";"192.168.1.68";"16";"16";"May 8 ";"192.168.1.87";"16:16";"admin ";1
"May";"8 ";"agent-Standard-PC-Q35-ICH9-2009";"5625";" Invalid user guest ";"192.168.1.68";"16";"16";"May 8 ";"192.168.1.87";"16:16";"guest ";1
"May";"8 ";"agent-Standard-PC-Q35-ICH9-2009";"5627";" Invalid user guest ";"192.168.1.68";"16";"16";"May 8 ";"192.168.1.87";"16:16";"guest ";1
"May";"8 ";"agent-Standard-PC-Q35-ICH9-2009";"5629";" Invalid user guest ";"192.168.1.68";"16";"16";"May 8 ";"192.168.1.87";"16:16";"guest ";1
"May";"8 ";"agent-Standard-PC-Q35-ICH9-2009";"5631";" Invalid user guest ";"192.168.1.68";"16";"16";"May 8 ";"192.168.1.87";"16:16";"guest ";1
"May";"8 ";"agent-Standard-PC-Q35-ICH9-2009";"5601";" Failed password for invalid user login ";"192.168.1.68";"16";"16";"May 8 ";"192.168.1.87";"16:16";"login ";3
"May";"8 ";"agent-Standard-PC-Q35-ICH9-2009";"5603";" Failed password for invalid user login ";"192.168.1.68";"16";"16";"May 8 ";"192.168.1.87";"16:16";"login ";3
"May";"8 ";"agent-Standard-PC-Q35-ICH9-2009";"5604";" Failed password for invalid user login ";"192.168.1.68";"16";"16";"May 8 ";"192.168.1.87";"16:16";"login ";3
"May";"8 ";"agent-Standard-PC-Q35-ICH9-2009";"5607";" Failed password for invalid user login ";"192.168.1.68";"16";"16";"May 8 ";"192.168.1.87";"16:16";"login ";3
"May";"8 ";"agent-Standard-PC-Q35-ICH9-2009";"5633";" Invalid user guest ";"192.168.1.68";"16";"16";"May 8 ";"192.168.1.87";"16:16";"guest ";1
"May";"8 ";"agent-Standard-PC-Q35-ICH9-2009";"5609";" Failed password for invalid user login ";"192.168.1.68";"16";"16";"May 8 ";"192.168.1.87";"16:16";"login ";3
"May";"8 ";"agent-Standard-PC-Q35-ICH9-2009";"5611";" Failed password for invalid user admin ";"192.168.1.68";"16";"16";"May 8 ";"192.168.1.87";"16:16";"admin ";3
"May";"8 ";"agent-Standard-PC-Q35-ICH9-2009";"5635";" Invalid user guest ";"192.168.1.68";"16";"16";"May 8 ";"192.168.1.87";"16:16";"guest ";1
"May";"8 ";"agent-Standard-PC-Q35-ICH9-2009";"5637";" Invalid user guest ";"192.168.1.68";"16";"16";"May 8 ";"192.168.1.87";"16:16";"guest ";1
"May";"8 ";"agent-Standard-PC-Q35-ICH9-2009";"5613";" Failed password for invalid user admin ";"192.168.1.68";"16";"16";"May 8 ";"192.168.1.87";"16:16";"admin ";3
"May";"8 ";"agent-Standard-PC-Q35-ICH9-2009";"5639";" Invalid user guest ";"192.168.1.68";"16";"16";"May 8 ";"192.168.1.87";"16:16";"guest ";1
"May";"8 ";"agent-Standard-PC-Q35-ICH9-2009";"5615";" Failed password for invalid user admin ";"192.168.1.68";"16";"16";"May 8 ";"192.168.1.87";"16:16";"admin ";3
"May";"8 ";"agent-Standard-PC-Q35-ICH9-2009";"5641";" Invalid user guest ";"192.168.1.68";"16";"16";"May 8 ";"192.168.1.87";"16:16";"guest ";1
"May";"8 ";"agent-Standard-PC-Q35-ICH9-2009";"5621";" Failed password for invalid user admin ";"192.168.1.68";"16";"16";"May 8 ";"192.168.1.87";"16:16";"admin ";3
"May";"8 ";"agent-Standard-PC-Q35-ICH9-2009";"5618";" Failed password for invalid user admin ";"192.168.1.68";"16";"16";"May 8 ";"192.168.1.87";"16:16";"admin ";3
"May";"8 ";"agent-Standard-PC-Q35-ICH9-2009";"5617";" Failed password for invalid user admin ";"192.168.1.68";"16";"16";"May 8 ";"192.168.1.87";"16:16";"admin ";3
"May";"8 ";"agent-Standard-PC-Q35-ICH9-2009";"5643";" Invalid user guest ";"192.168.1.68";"16";"16";"May 8 ";"192.168.1.87";"16:16";"guest ";1
"May";"8 ";"agent-Standard-PC-Q35-ICH9-2009";"5645";" Invalid user guest ";"192.168.1.68";"16";"16";"May 8 ";"192.168.1.87";"16:16";"guest ";1
"May";"8 ";"agent-Standard-PC-Q35-ICH9-2009";"5647";" Invalid user guest ";"192.168.1.68";"16";"16";"May 8 ";"192.168.1.87";"16:16";"guest ";1
"May";"8 ";"agent-Standard-PC-Q35-ICH9-2009";"5623";" Failed password for invalid user admin ";"192.168.1.68";"16";"16";"May 8 ";"192.168.1.87";"16:16";"admin ";3
"May";"8 ";"agent-Standard-PC-Q35-ICH9-2009";"5625";" Failed password for invalid user guest ";"192.168.1.68";"16";"16";"May 8 ";"192.168.1.87";"16:16";"guest ";3
"May";"8 ";"agent-Standard-PC-Q35-ICH9-2009";"5627";" Failed password for invalid user guest ";"192.168.1.68";"16";"16";"May 8 ";"192.168.1.87";"16:16";"guest ";3
"May";"8 ";"agent-Standard-PC-Q35-ICH9-2009";"5652";" Invalid user administrator ";"192.168.1.68";"16";"16";"May 8 ";"192.168.1.87";"16:16";"administrator ";1
"May";"8 ";"agent-Standard-PC-Q35-ICH9-2009";"5649";" Invalid user guest ";"192.168.1.68";"16";"16";"May 8 ";"192.168.1.87";"16:16";"guest ";1
"May";"8 ";"agent-Standard-PC-Q35-ICH9-2009";"5650";" Invalid user administrator ";"192.168.1.68";"16";"16";"May 8 ";"192.168.1.87";"16:16";"administrator ";1
"May";"8 ";"agent-Standard-PC-Q35-ICH9-2009";"5655";" Invalid user administrator ";"192.168.1.68";"16";"16";"May 8 ";"192.168.1.87";"16:16";"administrator ";1
"May";"8 ";"agent-Standard-PC-Q35-ICH9-2009";"5629";" Failed password for invalid user guest ";"192.168.1.68";"16";"16";"May 8 ";"192.168.1.87";"16:16";"guest ";3
"May";"8 ";"agent-Standard-PC-Q35-ICH9-2009";"5631";" Failed password for invalid user guest ";"192.168.1.68";"16";"16";"May 8 ";"192.168.1.87";"16:16";"guest ";3
"May";"8 ";"agent-Standard-PC-Q35-ICH9-2009";"5633";" Failed password for invalid user guest ";"192.168.1.68";"16";"16";"May 8 ";"192.168.1.87";"16:16";"guest ";3
"May";"8 ";"agent-Standard-PC-Q35-ICH9-2009";"5635";" Failed password for invalid user guest ";"192.168.1.68";"16";"16";"May 8 ";"192.168.1.87";"16:16";"guest ";3
"May";"8 ";"agent-Standard-PC-Q35-ICH9-2009";"5637";" Failed password for invalid user guest ";"192.168.1.68";"16";"16";"May 8 ";"192.168.1.87";"16:16";"guest ";3
"May";"8 ";"agent-Standard-PC-Q35-ICH9-2009";"5639";" Failed password for invalid user guest ";"192.168.1.68";"16";"16";"May 8 ";"192.168.1.87";"16:16";"guest ";3
"May";"8 ";"agent-Standard-PC-Q35-ICH9-2009";"5641";" Failed password for invalid user guest ";"192.168.1.68";"16";"16";"May 8 ";"192.168.1.87";"16:16";"guest ";3
"May";"8 ";"agent-Standard-PC-Q35-ICH9-2009";"5643";" Failed password for invalid user guest ";"192.168.1.68";"16";"16";"May 8 ";"192.168.1.87";"16:16";"guest ";3
"May";"8 ";"agent-Standard-PC-Q35-ICH9-2009";"5657";" Invalid user administrator ";"192.168.1.68";"16";"16";"May 8 ";"192.168.1.87";"16:16";"administrator ";1
"May";"8 ";"agent-Standard-PC-Q35-ICH9-2009";"5645";" Failed password for invalid user guest ";"192.168.1.68";"16";"16";"May 8 ";"192.168.1.87";"16:16";"guest ";3
"May";"8 ";"agent-Standard-PC-Q35-ICH9-2009";"5647";" Failed password for invalid user guest ";"192.168.1.68";"16";"16";"May 8 ";"192.168.1.87";"16:16";"guest ";3
"May";"8 ";"agent-Standard-PC-Q35-ICH9-2009";"5652";" Failed password for invalid user administrator ";"192.168.1.68";"16";"16";"May 8 ";"192.168.1.87";"16:16";"administrator ";3
"May";"8 ";"agent-Standard-PC-Q35-ICH9-2009";"5649";" Failed password for invalid user guest ";"192.168.1.68";"16";"16";"May 8 ";"192.168.1.87";"16:16";"guest ";3
"May";"8 ";"agent-Standard-PC-Q35-ICH9-2009";"5650";" Failed password for invalid user administrator ";"192.168.1.68";"16";"16";"May 8 ";"192.168.1.87";"16:16";"administrator ";3
"May";"8 ";"agent-Standard-PC-Q35-ICH9-2009";"5655";" Failed password for invalid user administrator ";"192.168.1.68";"16";"16";"May 8 ";"192.168.1.87";"16:16";"administrator ";3
"May";"8 ";"agent-Standard-PC-Q35-ICH9-2009";"5659";" Invalid user administrator ";"192.168.1.68";"16";"16";"May 8 ";"192.168.1.87";"16:16";"administrator ";1
"May";"8 ";"agent-Standard-PC-Q35-ICH9-2009";"5661";" Invalid user administrator ";"192.168.1.68";"16";"16";"May 8 ";"192.168.1.87";"16:16";"administrator ";1
"May";"8 ";"agent-Standard-PC-Q35-ICH9-2009";"5663";" Invalid user administrator ";"192.168.1.68";"16";"16";"May 8 ";"192.168.1.87";"16:16";"administrator ";1
"May";"8 ";"agent-Standard-PC-Q35-ICH9-2009";"5665";" Invalid user administrator ";"192.168.1.68";"16";"16";"May 8 ";"192.168.1.87";"16:16";"administrator ";1
"May";"8 ";"agent-Standard-PC-Q35-ICH9-2009";"5667";" Invalid user administrator ";"192.168.1.68";"16";"16";"May 8 ";"192.168.1.87";"16:16";"administrator ";1
"May";"8 ";"agent-Standard-PC-Q35-ICH9-2009";"5669";" Invalid user pi ";"192.168.1.68";"16";"16";"May 8 ";"192.168.1.87";"16:16";"pi ";1
"May";"8 ";"agent-Standard-PC-Q35-ICH9-2009";"5671";" Invalid user pi ";"192.168.1.68";"16";"16";"May 8 ";"192.168.1.87";"16:16";"pi ";1
"May";"8 ";"agent-Standard-PC-Q35-ICH9-2009";"5673";" Invalid user pi ";"192.168.1.68";"16";"16";"May 8 ";"192.168.1.87";"16:16";"pi ";1
"May";"8 ";"agent-Standard-PC-Q35-ICH9-2009";"5675";" Invalid user pi ";"192.168.1.68";"16";"16";"May 8 ";"192.168.1.87";"16:16";"pi ";1
"May";"8 ";"agent-Standard-PC-Q35-ICH9-2009";"5677";" Invalid user pi ";"192.168.1.68";"16";"16";"May 8 ";"192.168.1.87";"16:16";"pi ";1
"May";"8 ";"agent-Standard-PC-Q35-ICH9-2009";"5679";" Invalid user pi ";"192.168.1.68";"16";"16";"May 8 ";"192.168.1.87";"16:16";"pi ";1
"May";"8 ";"agent-Standard-PC-Q35-ICH9-2009";"5681";" Invalid user pi ";"192.168.1.68";"16";"16";"May 8 ";"192.168.1.87";"16:16";"pi ";1
"May";"8 ";"agent-Standard-PC-Q35-ICH9-2009";"5683";" Invalid user pi ";"192.168.1.68";"16";"16";"May 8 ";"192.168.1.87";"16:16";"pi ";1
"May";"8 ";"agent-Standard-PC-Q35-ICH9-2009";"5657";" Failed password for invalid user administrator ";"192.168.1.68";"16";"16";"May 8 ";"192.168.1.87";"16:16";"administrator ";3
"May";"8 ";"agent-Standard-PC-Q35-ICH9-2009";"5685";" Invalid user pi ";"192.168.1.68";"16";"16";"May 8 ";"192.168.1.87";"16:16";"pi ";1
"May";"8 ";"agent-Standard-PC-Q35-ICH9-2009";"5687";" Invalid user pi ";"192.168.1.68";"16";"16";"May 8 ";"192.168.1.87";"16:16";"pi ";1
"May";"8 ";"agent-Standard-PC-Q35-ICH9-2009";"5659";" Failed password for invalid user administrator ";"192.168.1.68";"16";"16";"May 8 ";"192.168.1.87";"16:16";"administrator ";3
"May";"8 ";"agent-Standard-PC-Q35-ICH9-2009";"5661";" Failed password for invalid user administrator ";"192.168.1.68";"16";"16";"May 8 ";"192.168.1.87";"16:16";"administrator ";3
"May";"8 ";"agent-Standard-PC-Q35-ICH9-2009";"5663";" Failed password for invalid user administrator ";"192.168.1.68";"16";"16";"May 8 ";"192.168.1.87";"16:16";"administrator ";3
"May";"8 ";"agent-Standard-PC-Q35-ICH9-2009";"5665";" Failed password for invalid user administrator ";"192.168.1.68";"16";"16";"May 8 ";"192.168.1.87";"16:16";"administrator ";3
"May";"8 ";"agent-Standard-PC-Q35-ICH9-2009";"5667";" Failed password for invalid user administrator ";"192.168.1.68";"16";"16";"May 8 ";"192.168.1.87";"16:16";"administrator ";3
"May";"8 ";"agent-Standard-PC-Q35-ICH9-2009";"5669";" Failed password for invalid user pi ";"192.168.1.68";"16";"16";"May 8 ";"192.168.1.87";"16:16";"pi ";3
"May";"8 ";"agent-Standard-PC-Q35-ICH9-2009";"5671";" Failed password for invalid user pi ";"192.168.1.68";"16";"16";"May 8 ";"192.168.1.87";"16:16";"pi ";3
"May";"8 ";"agent-Standard-PC-Q35-ICH9-2009";"5673";" Failed password for invalid user pi ";"192.168.1.68";"16";"16";"May 8 ";"192.168.1.87";"16:16";"pi ";3
"May";"8 ";"agent-Standard-PC-Q35-ICH9-2009";"5675";" Failed password for invalid user pi ";"192.168.1.68";"16";"16";"May 8 ";"192.168.1.87";"16:16";"pi ";3
"May";"8 ";"agent-Standard-PC-Q35-ICH9-2009";"5677";" Failed password for invalid user pi ";"192.168.1.68";"16";"16";"May 8 ";"192.168.1.87";"16:16";"pi ";3
"May";"8 ";"agent-Standard-PC-Q35-ICH9-2009";"5679";" Failed password for invalid user pi ";"192.168.1.68";"16";"16";"May 8 ";"192.168.1.87";"16:16";"pi ";3
"May";"8 ";"agent-Standard-PC-Q35-ICH9-2009";"5681";" Failed password for invalid user pi ";"192.168.1.68";"16";"16";"May 8 ";"192.168.1.87";"16:16";"pi ";3
"May";"8 ";"agent-Standard-PC-Q35-ICH9-2009";"5683";" Failed password for invalid user pi ";"192.168.1.68";"16";"16";"May 8 ";"192.168.1.87";"16:16";"pi ";3
"May";"8 ";"agent-Standard-PC-Q35-ICH9-2009";"5685";" Failed password for invalid user pi ";"192.168.1.68";"16";"16";"May 8 ";"192.168.1.87";"16:16";"pi ";3
"May";"8 ";"agent-Standard-PC-Q35-ICH9-2009";"5689";" Invalid user vagrant ";"192.168.1.68";"16";"16";"May 8 ";"192.168.1.87";"16:16";"vagrant ";1
"May";"8 ";"agent-Standard-PC-Q35-ICH9-2009";"5691";" Invalid user vagrant ";"192.168.1.68";"16";"16";"May 8 ";"192.168.1.87";"16:16";"vagrant ";1
"May";"8 ";"agent-Standard-PC-Q35-ICH9-2009";"5687";" Failed password for invalid user pi ";"192.168.1.68";"16";"16";"May 8 ";"192.168.1.87";"16:16";"pi ";3
"May";"8 ";"agent-Standard-PC-Q35-ICH9-2009";"5693";" Invalid user vagrant ";"192.168.1.68";"16";"16";"May 8 ";"192.168.1.87";"16:16";"vagrant ";1
"May";"8 ";"agent-Standard-PC-Q35-ICH9-2009";"5695";" Invalid user vagrant ";"192.168.1.68";"16";"16";"May 8 ";"192.168.1.87";"16:16";"vagrant ";1
"May";"8 ";"agent-Standard-PC-Q35-ICH9-2009";"5697";" Invalid user vagrant ";"192.168.1.68";"16";"16";"May 8 ";"192.168.1.87";"16:16";"vagrant ";1
"May";"8 ";"agent-Standard-PC-Q35-ICH9-2009";"5699";" Invalid user vagrant ";"192.168.1.68";"16";"16";"May 8 ";"192.168.1.87";"16:16";"vagrant ";1
"May";"8 ";"agent-Standard-PC-Q35-ICH9-2009";"5701";" Invalid user vagrant ";"192.168.1.68";"16";"16";"May 8 ";"192.168.1.87";"16:16";"vagrant ";1
"May";"8 ";"agent-Standard-PC-Q35-ICH9-2009";"5700";" Invalid user vagrant ";"192.168.1.68";"16";"16";"May 8 ";"192.168.1.87";"16:16";"vagrant ";1
"May";"8 ";"agent-Standard-PC-Q35-ICH9-2009";"5705";" Invalid user vagrant ";"192.168.1.68";"16";"16";"May 8 ";"192.168.1.87";"16:16";"vagrant ";1
"May";"8 ";"agent-Standard-PC-Q35-ICH9-2009";"5707";" Invalid user vagrant ";"192.168.1.68";"16";"16";"May 8 ";"192.168.1.87";"16:16";"vagrant ";1
"May";"8 ";"agent-Standard-PC-Q35-ICH9-2009";"5711";" Invalid user wazuh ";"192.168.1.68";"16";"16";"May 8 ";"192.168.1.87";"16:16";"wazuh ";1
"May";"8 ";"agent-Standard-PC-Q35-ICH9-2009";"5710";" Invalid user wazuh ";"192.168.1.68";"16";"16";"May 8 ";"192.168.1.87";"16:16";"wazuh ";1
"May";"8 ";"agent-Standard-PC-Q35-ICH9-2009";"5709";" Invalid user wazuh ";"192.168.1.68";"16";"16";"May 8 ";"192.168.1.87";"16:16";"wazuh ";1
"May";"8 ";"agent-Standard-PC-Q35-ICH9-2009";"5715";" Invalid user wazuh ";"192.168.1.68";"16";"16";"May 8 ";"192.168.1.87";"16:16";"wazuh ";1
"May";"8 ";"agent-Standard-PC-Q35-ICH9-2009";"5717";" Invalid user wazuh ";"192.168.1.68";"16";"16";"May 8 ";"192.168.1.87";"16:16";"wazuh ";1
"May";"8 ";"agent-Standard-PC-Q35-ICH9-2009";"5719";" Invalid user wazuh ";"192.168.1.68";"16";"16";"May 8 ";"192.168.1.87";"16:16";"wazuh ";1
"May";"8 ";"agent-Standard-PC-Q35-ICH9-2009";"5691";" Failed password for invalid user vagrant ";"192.168.1.68";"16";"16";"May 8 ";"192.168.1.87";"16:16";"vagrant ";3
"May";"8 ";"agent-Standard-PC-Q35-ICH9-2009";"5689";" Failed password for invalid user vagrant ";"192.168.1.68";"16";"16";"May 8 ";"192.168.1.87";"16:16";"vagrant ";3
"May";"8 ";"agent-Standard-PC-Q35-ICH9-2009";"5693";" Failed password for invalid user vagrant ";"192.168.1.68";"16";"16";"May 8 ";"192.168.1.87";"16:16";"vagrant ";3
"May";"8 ";"agent-Standard-PC-Q35-ICH9-2009";"5695";" Failed password for invalid user vagrant ";"192.168.1.68";"16";"16";"May 8 ";"192.168.1.87";"16:16";"vagrant ";3
"May";"8 ";"agent-Standard-PC-Q35-ICH9-2009";"5697";" Failed password for invalid user vagrant ";"192.168.1.68";"16";"16";"May 8 ";"192.168.1.87";"16:16";"vagrant ";3
"May";"8 ";"agent-Standard-PC-Q35-ICH9-2009";"5699";" Failed password for invalid user vagrant ";"192.168.1.68";"16";"16";"May 8 ";"192.168.1.87";"16:16";"vagrant ";3
"May";"8 ";"agent-Standard-PC-Q35-ICH9-2009";"5701";" Failed password for invalid user vagrant ";"192.168.1.68";"16";"16";"May 8 ";"192.168.1.87";"16:16";"vagrant ";3
"May";"8 ";"agent-Standard-PC-Q35-ICH9-2009";"5700";" Failed password for invalid user vagrant ";"192.168.1.68";"16";"16";"May 8 ";"192.168.1.87";"16:16";"vagrant ";3
"May";"8 ";"agent-Standard-PC-Q35-ICH9-2009";"5705";" Failed password for invalid user vagrant ";"192.168.1.68";"16";"16";"May 8 ";"192.168.1.87";"16:16";"vagrant ";3
"May";"8 ";"agent-Standard-PC-Q35-ICH9-2009";"5707";" Failed password for invalid user vagrant ";"192.168.1.68";"16";"16";"May 8 ";"192.168.1.87";"16:16";"vagrant ";3
"May";"8 ";"agent-Standard-PC-Q35-ICH9-2009";"5711";" Failed password for invalid user wazuh ";"192.168.1.68";"16";"16";"May 8 ";"192.168.1.87";"16:16";"wazuh ";3
"May";"8 ";"agent-Standard-PC-Q35-ICH9-2009";"5709";" Failed password for invalid user wazuh ";"192.168.1.68";"16";"16";"May 8 ";"192.168.1.87";"16:16";"wazuh ";3
"May";"8 ";"agent-Standard-PC-Q35-ICH9-2009";"5710";" Failed password for invalid user wazuh ";"192.168.1.68";"16";"16";"May 8 ";"192.168.1.87";"16:16";"wazuh ";3
"May";"8 ";"agent-Standard-PC-Q35-ICH9-2009";"5715";" Failed password for invalid user wazuh ";"192.168.1.68";"16";"16";"May 8 ";"192.168.1.87";"16:16";"wazuh ";3
"May";"8 ";"agent-Standard-PC-Q35-ICH9-2009";"5717";" Failed password for invalid user wazuh ";"192.168.1.68";"16";"16";"May 8 ";"192.168.1.87";"16:16";"wazuh ";3
"May";"8 ";"agent-Standard-PC-Q35-ICH9-2009";"5721";" Invalid user wazuh ";"192.168.1.68";"16";"16";"May 8 ";"192.168.1.87";"16:16";"wazuh ";1
"May";"8 ";"agent-Standard-PC-Q35-ICH9-2009";"5722";" Invalid user wazuh ";"192.168.1.68";"16";"16";"May 8 ";"192.168.1.87";"16:16";"wazuh ";1
"May";"8 ";"agent-Standard-PC-Q35-ICH9-2009";"5719";" Failed password for invalid user wazuh ";"192.168.1.68";"16";"16";"May 8 ";"192.168.1.87";"16:16";"wazuh ";3
"May";"8 ";"agent-Standard-PC-Q35-ICH9-2009";"5725";" Invalid user wazuh ";"192.168.1.68";"16";"16";"May 8 ";"192.168.1.87";"16:16";"wazuh ";1
"May";"8 ";"agent-Standard-PC-Q35-ICH9-2009";"5727";" Invalid user wazuh ";"192.168.1.68";"16";"16";"May 8 ";"192.168.1.87";"16:16";"wazuh ";1
"May";"8 ";"agent-Standard-PC-Q35-ICH9-2009";"5729";" Invalid user manager ";"192.168.1.68";"16";"16";"May 8 ";"192.168.1.87";"16:16";"manager ";1
"May";"8 ";"agent-Standard-PC-Q35-ICH9-2009";"5731";" Invalid user manager ";"192.168.1.68";"16";"16";"May 8 ";"192.168.1.87";"16:16";"manager ";1
"May";"8 ";"agent-Standard-PC-Q35-ICH9-2009";"5733";" Invalid user manager ";"192.168.1.68";"16";"16";"May 8 ";"192.168.1.87";"16:16";"manager ";1
"May";"8 ";"agent-Standard-PC-Q35-ICH9-2009";"5732";" Invalid user manager ";"192.168.1.68";"16";"16";"May 8 ";"192.168.1.87";"16:16";"manager ";1
"May";"8 ";"agent-Standard-PC-Q35-ICH9-2009";"5737";" Invalid user manager ";"192.168.1.68";"16";"16";"May 8 ";"192.168.1.87";"16:16";"manager ";1
"May";"8 ";"agent-Standard-PC-Q35-ICH9-2009";"5739";" Invalid user manager ";"192.168.1.68";"16";"16";"May 8 ";"192.168.1.87";"16:16";"manager ";1
"May";"8 ";"agent-Standard-PC-Q35-ICH9-2009";"5741";" Invalid user manager ";"192.168.1.68";"16";"16";"May 8 ";"192.168.1.87";"16:16";"manager ";1
"May";"8 ";"agent-Standard-PC-Q35-ICH9-2009";"5743";" Invalid user manager ";"192.168.1.68";"16";"16";"May 8 ";"192.168.1.87";"16:16";"manager ";1
"May";"8 ";"agent-Standard-PC-Q35-ICH9-2009";"5745";" Invalid user manager ";"192.168.1.68";"16";"16";"May 8 ";"192.168.1.87";"16:16";"manager ";1
"May";"8 ";"agent-Standard-PC-Q35-ICH9-2009";"5755";" Invalid user manager ";"192.168.1.68";"16";"16";"May 8 ";"192.168.1.87";"16:16";"manager ";1
"May";"8 ";"agent-Standard-PC-Q35-ICH9-2009";"5727";" Failed password for invalid user wazuh ";"192.168.1.68";"16";"16";"May 8 ";"192.168.1.87";"16:16";"wazuh ";3
"May";"8 ";"agent-Standard-PC-Q35-ICH9-2009";"5729";" Failed password for invalid user manager ";"192.168.1.68";"16";"16";"May 8 ";"192.168.1.87";"16:16";"manager ";3
"May";"8 ";"agent-Standard-PC-Q35-ICH9-2009";"5731";" Failed password for invalid user manager ";"192.168.1.68";"16";"16";"May 8 ";"192.168.1.87";"16:16";"manager ";3
"May";"8 ";"agent-Standard-PC-Q35-ICH9-2009";"5733";" Failed password for invalid user manager ";"192.168.1.68";"16";"16";"May 8 ";"192.168.1.87";"16:16";"manager ";3
"May";"8 ";"agent-Standard-PC-Q35-ICH9-2009";"5732";" Failed password for invalid user manager ";"192.168.1.68";"16";"16";"May 8 ";"192.168.1.87";"16:16";"manager ";3
"May";"8 ";"agent-Standard-PC-Q35-ICH9-2009";"5737";" Failed password for invalid user manager ";"192.168.1.68";"16";"16";"May 8 ";"192.168.1.87";"16:16";"manager ";3
"May";"8 ";"agent-Standard-PC-Q35-ICH9-2009";"5739";" Failed password for invalid user manager ";"192.168.1.68";"16";"16";"May 8 ";"192.168.1.87";"16:16";"manager ";3
"May";"8 ";"agent-Standard-PC-Q35-ICH9-2009";"5721";" Failed password for invalid user wazuh ";"192.168.1.68";"16";"16";"May 8 ";"192.168.1.87";"16:16";"wazuh ";3
"May";"8 ";"agent-Standard-PC-Q35-ICH9-2009";"5722";" Failed password for invalid user wazuh ";"192.168.1.68";"16";"16";"May 8 ";"192.168.1.87";"16:16";"wazuh ";3
"May";"8 ";"agent-Standard-PC-Q35-ICH9-2009";"5725";" Failed password for invalid user wazuh ";"192.168.1.68";"16";"16";"May 8 ";"192.168.1.87";"16:16";"wazuh ";3
"May";"8 ";"agent-Standard-PC-Q35-ICH9-2009";"5741";" Failed password for invalid user manager ";"192.168.1.68";"16";"16";"May 8 ";"192.168.1.87";"16:16";"manager ";3
"May";"8 ";"agent-Standard-PC-Q35-ICH9-2009";"5743";" Failed password for invalid user manager ";"192.168.1.68";"16";"16";"May 8 ";"192.168.1.87";"16:16";"manager ";3
"May";"8 ";"agent-Standard-PC-Q35-ICH9-2009";"5745";" Failed password for invalid user manager ";"192.168.1.68";"16";"16";"May 8 ";"192.168.1.87";"16:16";"manager ";3
"May";"8 ";"agent-Standard-PC-Q35-ICH9-2009";"5755";" Failed password for invalid user manager ";"192.168.1.68";"16";"16";"May 8 ";"192.168.1.87";"16:16";"manager ";3
"May";"8 ";"agent-Standard-PC-Q35-ICH9-2009";"5757";" Failed password for agent ";"192.168.1.68";"16";"16";"May 8 ";"192.168.1.87";"16:16";"agent ";2
"May";"8 ";"agent-Standard-PC-Q35-ICH9-2009";"5779";" Accepted password for agent ";"192.168.1.68";"16";"16";"May 8 ";"192.168.1.87";"16:16";"agent ";0
"May";"8 ";"agent-Standard-PC-Q35-ICH9-2009";"5781";" Invalid user user ";"192.168.1.68";"16";"16";"May 8 ";"192.168.1.87";"16:16";"user ";1
"May";"8 ";"agent-Standard-PC-Q35-ICH9-2009";"5759";" Failed password for agent ";"192.168.1.68";"16";"16";"May 8 ";"192.168.1.87";"16:16";"agent ";2
"May";"8 ";"agent-Standard-PC-Q35-ICH9-2009";"5763";" Failed password for agent ";"192.168.1.68";"16";"16";"May 8 ";"192.168.1.87";"16:16";"agent ";2
"May";"8 ";"agent-Standard-PC-Q35-ICH9-2009";"5765";" Failed password for agent ";"192.168.1.68";"16";"16";"May 8 ";"192.168.1.87";"16:16";"agent ";2
"May";"8 ";"agent-Standard-PC-Q35-ICH9-2009";"5766";" Failed password for agent ";"192.168.1.68";"16";"16";"May 8 ";"192.168.1.87";"16:16";"agent ";2
"May";"8 ";"agent-Standard-PC-Q35-ICH9-2009";"5769";" Failed password for agent ";"192.168.1.68";"16";"16";"May 8 ";"192.168.1.87";"16:16";"agent ";2
"May";"8 ";"agent-Standard-PC-Q35-ICH9-2009";"5771";" Failed password for agent ";"192.168.1.68";"16";"16";"May 8 ";"192.168.1.87";"16:16";"agent ";2
"May";"8 ";"agent-Standard-PC-Q35-ICH9-2009";"5773";" Failed password for agent ";"192.168.1.68";"16";"16";"May 8 ";"192.168.1.87";"16:16";"agent ";2
"May";"8 ";"agent-Standard-PC-Q35-ICH9-2009";"5775";" Failed password for agent ";"192.168.1.68";"16";"16";"May 8 ";"192.168.1.87";"16:16";"agent ";2
"May";"8 ";"agent-Standard-PC-Q35-ICH9-2009";"5781";" Failed password for invalid user user ";"192.168.1.68";"16";"16";"May 8 ";"192.168.1.87";"16:16";"user ";3
